feature_index,feature_name,class_0_mean,class_1_mean,class_0_std,class_1_std,mean_diff_class1_minus_class0,cohens_d,abs_cohens_d,raw_auc,separability_auc,auc_distance_from_random,mannwhitney_stat,mannwhitney_p,mannwhitney_q_fdr,mutual_information,mean_abs_corr_to_other_features,max_abs_corr_to_other_features,redundancy_penalty,abs_d_norm,auc_norm,mi_norm,fdr_score,feature_score_raw,feature_score
296,Cz_laplacian_simple_logvar,0.13715383047870416,-0.17455942060925908,1.0747047045719451,0.9159483736252072,-0.3117132510879632,-0.3091384007071347,0.3091384007071347,0.4155844155844156,0.5844155844155844,0.16883116883116878,360.0,0.3141654969301563,0.9992734965378139,0.13880084618177868,0.46866273704912753,0.8946138728591675,0.5313372629508725,0.6525467134172547,0.16883116883116878,0.7474560397114373,0.0007265034621860567,0.43704611707545427,0.3755979482418715
326,C3_minus_C4_over_abs_sum_high_alpha_relpower,-0.20686700344989178,0.26328527711804406,0.718719921588988,1.2598124083692932,0.47015228056793584,0.4737348857437347,0.4737348857437347,0.599025974025974,0.599025974025974,0.19805194805194803,247.0,0.23704040151543382,0.9992734965378139,0.0,0.5502569288402566,0.9729022024802282,0.44974307115974343,1.0,0.19805194805194803,0.0,0.0007265034621860567,0.41939083216440043,0.35015901877723765
334,C3clean_minus_C4clean_over_abs_sum_high_alpha_relpower,-0.20326886890858634,0.2587058331563816,0.7007120311176391,1.2745443523972317,0.46197470206496793,0.46503335535334617,0.46503335535334617,0.5876623376623377,0.5876623376623377,0.17532467532467533,254.0,0.29574198355759485,0.9992734965378139,0.0,0.5252738400825095,0.9729022024802282,0.47472615991749045,0.981631592365002,0.17532467532467533,0.0,0.0007265034621860567,0.40500734403760563,0.3411854151783303
412,C3_minus_C4_minus_C3clean_minus_C4clean_logvar_diff,-0.1550688992411041,0.19736041721595068,1.0401675054196753,0.9576053716852946,0.3524293164570548,0.350717257178917,0.350717257178917,0.5438311688311688,0.5438311688311688,0.08766233766233755,281.0,0.35870588716256546,0.9992734965378139,0.0,0.05786702816472121,0.34125577976608207,0.9421329718352788,0.7403171802668999,0.08766233766233755,0.0,0.0007265034621860567,0.2898654816214517,0.284833385424761
312,C4_laplacian_strong_logvar,0.10768441774799413,-0.13705289531562925,1.126366771120664,0.8453548185757396,-0.2447373130636234,-0.2415819304118815,0.2415819304118815,0.4805194805194805,0.5194805194805194,0.03896103896103886,320.0,0.8221684027203731,0.9992734965378139,0.09960099048192306,0.2610465921531104,0.9128302168077088,0.7389534078468896,0.5099390652114264,0.03896103896103886,0.5363610089196126,0.0007265034621860567,0.299459888590504,0.2760079935695736
399,C3clean_dominant_asym_70_30_beta_relpower,0.09650321629998136,-0.12282227529088496,1.0708042575429018,0.937285221233904,-0.21932549159086634,-0.21617919415804496,0.21617919415804496,0.4237012987012988,0.5762987012987012,0.1525974025974024,355.0,0.3634559127311593,0.9992734965378139,0.11922075960169276,0.6799654900522658,0.9901396146294756,0.3200345099477342,0.45631541585082463,0.1525974025974024,0.6420153714809914,0.0007265034621860567,0.34159521109929636,0.27191332456490425
324,C3_minus_C4_over_abs_sum_alpha_relpower,-0.16249558648948684,0.2068125646229839,0.8569498444593544,1.1647990135457267,0.36930815111247073,0.3680844122920895,0.3680844122920895,0.5844155844155844,0.5844155844155844,0.16883116883116878,256.0,0.3141654969301563,0.9992734965378139,0.0,0.5960437657733229,0.9894340321469718,0.40395623422667715,0.7769782008307492,0.16883116883116878,0.0,0.0007265034621860567,0.3311059297278899,0.27189984216042323
145,C4_minus_C3_hjorth_mobility,0.09677002534954933,-0.12316185044487721,1.0368248782294782,0.9851014903333599,-0.21993187579442652,-0.21678407888258222,0.21678407888258222,0.4188311688311688,0.5811688311688312,0.16233766233766245,358.0,0.3333281982581736,0.9992734965378139,0.06453966292059543,0.21403930952565334,1.0,0.7859606904743467,0.45759229114677913,0.16233766233766245,0.3475523541676522,0.0007265034621860567,0.28655860489930357,0.26815816311991914
137,C3_minus_C4_hjorth_mobility,0.09677002534954933,-0.12316185044487721,1.0368248782294782,0.9851014903333599,-0.21993187579442652,-0.21678407888258222,0.21678407888258222,0.4188311688311688,0.5811688311688312,0.16233766233766245,358.0,0.3333281982581736,0.9992734965378139,0.06453966292059543,0.21403930952565334,1.0,0.7859606904743467,0.45759229114677913,0.16233766233766245,0.3475523541676522,0.0007265034621860567,0.28655860489930357,0.26815816311991914
185,C3clean_minus_C4clean_hjorth_mobility,0.09677002534954697,-0.12316185044487939,1.036824878229478,0.9851014903333603,-0.21993187579442636,-0.21678407888258205,0.21678407888258205,0.4188311688311688,0.5811688311688312,0.16233766233766245,358.0,0.3333281982581736,0.9992734965378139,0.06453966292059543,0.21403930952565342,1.0,0.7859606904743466,0.45759229114677874,0.16233766233766245,0.3475523541676522,0.0007265034621860567,0.28655860489930346,0.268158163119919
153,C3clean025_minus_C4clean025_hjorth_mobility,0.0967700253495494,-0.12316185044487694,1.0368248782294782,0.98510149033336,-0.21993187579442636,-0.21678407888258205,0.21678407888258205,0.4188311688311688,0.5811688311688312,0.16233766233766245,358.0,0.3333281982581736,0.9992734965378139,0.06453966292059543,0.21403930952565334,1.0,0.7859606904743467,0.45759229114677874,0.16233766233766245,0.3475523541676522,0.0007265034621860567,0.28655860489930346,0.268158163119919
161,C3clean050_minus_C4clean050_hjorth_mobility,0.09677002534954697,-0.12316185044487939,1.036824878229478,0.9851014903333603,-0.21993187579442636,-0.21678407888258205,0.21678407888258205,0.4188311688311688,0.5811688311688312,0.16233766233766245,358.0,0.3333281982581736,0.9992734965378139,0.06453966292059543,0.21403930952565342,1.0,0.7859606904743466,0.45759229114677874,0.16233766233766245,0.3475523541676522,0.0007265034621860567,0.28655860489930346,0.268158163119919
177,C3clean100_minus_C4clean100_hjorth_mobility,0.0967700253495469,-0.12316185044487916,1.0368248782294782,0.9851014903333599,-0.21993187579442608,-0.21678407888258178,0.21678407888258178,0.4188311688311688,0.5811688311688312,0.16233766233766245,358.0,0.3333281982581736,0.9992734965378139,0.06453966292059543,0.2140393095256534,1.0,0.7859606904743466,0.4575922911467782,0.16233766233766245,0.3475523541676522,0.0007265034621860567,0.2865586048993033,0.26815816311991886
369,C3_minus_Cz_minus_C4_minus_Cz_hjorth_mobility,0.0967700253495469,-0.12316185044487916,1.0368248782294782,0.9851014903333599,-0.21993187579442608,-0.21678407888258178,0.21678407888258178,0.4188311688311688,0.5811688311688312,0.16233766233766245,358.0,0.3333281982581736,0.9992734965378139,0.06453966292059543,0.2140393095256534,1.0,0.7859606904743466,0.4575922911467782,0.16233766233766245,0.3475523541676522,0.0007265034621860567,0.2865586048993033,0.26815816311991886
169,C3clean075_minus_C4clean075_hjorth_mobility,0.096770025349549,-0.12316185044487699,1.036824878229478,0.98510149033336,-0.21993187579442597,-0.21678407888258172,0.21678407888258172,0.4188311688311688,0.5811688311688312,0.16233766233766245,358.0,0.3333281982581736,0.9992734965378139,0.06453966292059543,0.21403930952565334,0.9999999999999998,0.7859606904743467,0.4575922911467781,0.16233766233766245,0.3475523541676522,0.0007265034621860567,0.28655860489930324,0.2681581631199188
140,C3_minus_C4_alpha_relpower,-0.06104846528624729,0.07769804672795157,0.7331388332035315,1.2956067499033583,0.13874651201419885,0.13626682775174084,0.13626682775174084,0.49188311688311687,0.5081168831168832,0.016233766233766378,313.0,0.9299177282619497,0.9992734965378139,0.18569767157860428,0.4941571661902945,1.0,0.5058428338097055,0.2876252136250549,0.016233766233766378,1.0,0.0007265034621860567,0.30642329329680607,0.2609969134157319
148,C4_minus_C3_alpha_relpower,-0.06104846528624729,0.07769804672795157,0.7331388332035315,1.2956067499033583,0.13874651201419885,0.13626682775174084,0.13626682775174084,0.49188311688311687,0.5081168831168832,0.016233766233766378,313.0,0.9299177282619497,0.9992734965378139,0.18569767157860428,0.4941571661902945,1.0,0.5058428338097055,0.2876252136250549,0.016233766233766378,1.0,0.0007265034621860567,0.30642329329680607,0.2609969134157319
172,C3clean075_minus_C4clean075_alpha_relpower,-0.06104846528624724,0.07769804672795164,0.7331388332035315,1.2956067499033583,0.13874651201419888,0.13626682775174087,0.13626682775174087,0.49188311688311687,0.5081168831168832,0.016233766233766378,313.0,0.9299177282619497,0.9992734965378139,0.18569767157860428,0.4941571661902945,1.0,0.5058428338097055,0.28762521362505494,0.016233766233766378,1.0,0.0007265034621860567,0.30642329329680607,0.2609969134157319
180,C3clean100_minus_C4clean100_alpha_relpower,-0.0610484652862472,0.07769804672795151,0.7331388332035315,1.2956067499033586,0.13874651201419871,0.13626682775174068,0.13626682775174068,0.49188311688311687,0.5081168831168832,0.016233766233766378,313.0,0.9299177282619497,0.9992734965378139,0.18569767157860428,0.4941571661902945,1.0,0.5058428338097055,0.28762521362505455,0.016233766233766378,1.0,0.0007265034621860567,0.30642329329680595,0.2609969134157318
188,C3clean_minus_C4clean_alpha_relpower,-0.061048465286247244,0.07769804672795143,0.7331388332035315,1.2956067499033583,0.1387465120141987,0.13626682775174068,0.13626682775174068,0.49188311688311687,0.5081168831168832,0.016233766233766378,313.0,0.9299177282619497,0.9992734965378139,0.18569767157860428,0.4941571661902945,0.9999999999999998,0.5058428338097055,0.28762521362505455,0.016233766233766378,1.0,0.0007265034621860567,0.30642329329680595,0.2609969134157318
156,C3clean025_minus_C4clean025_alpha_relpower,-0.0610484652862472,0.07769804672795154,0.7331388332035315,1.2956067499033583,0.13874651201419874,0.13626682775174073,0.13626682775174073,0.49188311688311687,0.5081168831168832,0.016233766233766378,313.0,0.9299177282619497,0.9992734965378139,0.18569767157860428,0.4941571661902945,1.0,0.5058428338097055,0.28762521362505467,0.016233766233766378,1.0,0.0007265034621860567,0.30642329329680595,0.2609969134157318
164,C3clean050_minus_C4clean050_alpha_relpower,-0.061048465286247244,0.07769804672795143,0.7331388332035315,1.2956067499033583,0.1387465120141987,0.13626682775174068,0.13626682775174068,0.49188311688311687,0.5081168831168832,0.016233766233766378,313.0,0.9299177282619497,0.9992734965378139,0.18569767157860428,0.4941571661902945,0.9999999999999998,0.5058428338097055,0.28762521362505455,0.016233766233766378,1.0,0.0007265034621860567,0.30642329329680595,0.2609969134157318
372,C3_minus_Cz_minus_C4_minus_Cz_alpha_relpower,-0.0610484652862472,0.07769804672795151,0.7331388332035315,1.2956067499033586,0.13874651201419871,0.13626682775174068,0.13626682775174068,0.49188311688311687,0.5081168831168832,0.016233766233766378,313.0,0.9299177282619497,0.9992734965378139,0.18569767157860428,0.4941571661902945,1.0,0.5058428338097055,0.28762521362505455,0.016233766233766378,1.0,0.0007265034621860567,0.30642329329680595,0.2609969134157318
360,Cz_minus_C4_logvar,0.14315947415002023,-0.18220296710002556,1.135673676100779,0.812767731425757,-0.32536244125004576,-0.3230295870429473,0.3230295870429473,0.4496753246753247,0.5503246753246753,0.10064935064935066,339.0,0.5511121866916194,0.9992734965378139,0.016673140554073207,0.43159093487770994,0.9999999999999998,0.5684090651222901,0.6818701728206445,0.10064935064935066,0.0897864815015497,0.0007265034621860567,0.2919117798610269,0.2541158364694158
344,C4_minus_Cz_logvar,0.14315947415002023,-0.18220296710002556,1.135673676100779,0.812767731425757,-0.32536244125004576,-0.3230295870429473,0.3230295870429473,0.4496753246753247,0.5503246753246753,0.10064935064935066,339.0,0.5511121866916194,0.9992734965378139,0.016673140554073207,0.43159093487770994,0.9999999999999998,0.5684090651222901,0.6818701728206445,0.10064935064935066,0.0897864815015497,0.0007265034621860567,0.2919117798610269,0.2541158364694158
112,C4_clean_100Cz_logvar,0.14315947415002023,-0.18220296710002556,1.135673676100779,0.812767731425757,-0.32536244125004576,-0.3230295870429473,0.3230295870429473,0.4496753246753247,0.5503246753246753,0.10064935064935066,339.0,0.5511121866916194,0.9992734965378139,0.016673140554073207,0.43159093487770994,0.9999999999999998,0.5684090651222901,0.6818701728206445,0.10064935064935066,0.0897864815015497,0.0007265034621860567,0.2919117798610269,0.2541158364694158
104,C4_clean_075Cz_logvar,0.10673771835988724,-0.1358480051853115,1.1089630333792624,0.8747903542126139,-0.24258572354519875,-0.2394266914076199,0.2394266914076199,0.4496753246753247,0.5503246753246753,0.10064935064935066,339.0,0.5511121866916194,0.9992734965378139,0.07526044214137495,0.5055788296386572,0.9440503393297035,0.4944211703613428,0.505389485217446,0.10064935064935066,0.4052847916809653,0.0007265034621860567,0.2932432012357905,0.24876593489170523
293,C4_laplacian_simple_low_alpha_relpower,-0.08992537054445278,0.11445047160203056,1.0152860438470057,1.0154437142776644,0.20437584214648336,0.2012851038071406,0.2012851038071406,0.5795454545454546,0.5795454545454546,0.15909090909090917,259.0,0.34318659431881027,0.9992734965378139,0.06912480000573273,0.44075172215795977,0.9428246876307075,0.5592482778420402,0.4248748863526926,0.15909090909090917,0.3722437627683058,0.0007265034621860567,0.2789094313051404,0.24203048765298904
26,ch3_hjorth_complexity,-0.135903673122107,0.17296831124631765,0.902962912248329,1.1299054742217811,0.30887198436842467,0.3062524516035538,0.3062524516035538,0.5876623376623377,0.5876623376623377,0.17532467532467533,254.0,0.29574198355759485,0.9992734965378139,0.0,0.5903901195183828,0.9339587728935828,0.4096098804816172,0.6464546483240861,0.17532467532467533,0.0,0.0007265034621860567,0.2876954136232851,0.23673965473310254
207,C3_Cz_mean_beta_relpower,0.06426646085708189,-0.08179367745446714,1.0334034654923576,0.9976939358961316,-0.14606013831154901,-0.1434867466658093,0.1434867466658093,0.461038961038961,0.538961038961039,0.07792207792207795,332.0,0.6460289262026475,0.9992734965378139,0.15340474228567524,0.700046343071752,0.9997191285165491,0.29995365692824805,0.30286602848811955,0.07792207792207795,0.826099438843746,0.0007265034621860567,0.298568375358537,0.23586486556055156
323,C3_minus_C4_over_abs_sum_mu_relpower,-0.1421080891899939,0.18086484078726486,0.9095107892269885,1.1208036128314236,0.3229729299772588,0.3205943866571016,0.3205943866571016,0.5714285714285714,0.5714285714285714,0.1428571428571428,264.0,0.3952320364898122,0.9992734965378139,0.0,0.5983016341502365,0.9894340321469718,0.4016983658497635,0.6767296111776574,0.1428571428571428,0.0,0.0007265034621860567,0.28692801425839864,0.23542716431411395
223,C3_Cz_C4_mean_beta_relpower,0.056488018105956626,-0.07189384122576258,1.0323010598107443,1.0005835216898904,-0.1283818593317192,-0.1260442210717231,0.1260442210717231,0.4724025974025974,0.5275974025974026,0.05519480519480524,325.0,0.7470911465242466,0.9992734965378139,0.16971426609519868,0.7021574129261203,0.9998817736023685,0.29784258707387967,0.2660459053693222,0.05519480519480524,0.9139278088544047,0.0007265034621860567,0.2952924608145442,0.23308992371190573
138,C3_minus_C4_hjorth_complexity,-0.11251640163242227,0.14320269298672014,0.8916784517604192,1.1490560299248314,0.25571909461914244,0.25259577761593716,0.25259577761593716,0.5844155844155844,0.5844155844155844,0.16883116883116878,256.0,0.3141654969301563,0.9992734965378139,0.0,0.20679008040529662,1.0,0.7932099195947033,0.5331886346546523,0.16883116883116878,0.0,0.0007265034621860567,0.24577958156625596,0.23053214773603606
146,C4_minus_C3_hjorth_complexity,-0.11251640163242227,0.14320269298672014,0.8916784517604192,1.1490560299248314,0.25571909461914244,0.25259577761593716,0.25259577761593716,0.5844155844155844,0.5844155844155844,0.16883116883116878,256.0,0.3141654969301563,0.9992734965378139,0.0,0.20679008040529662,1.0,0.7932099195947033,0.5331886346546523,0.16883116883116878,0.0,0.0007265034621860567,0.24577958156625596,0.23053214773603606
154,C3clean025_minus_C4clean025_hjorth_complexity,-0.11251640163242259,0.14320269298671967,0.891678451760419,1.1490560299248314,0.2557190946191423,0.25259577761593704,0.25259577761593704,0.5844155844155844,0.5844155844155844,0.16883116883116878,256.0,0.3141654969301563,0.9992734965378139,0.0,0.20679008040529645,1.0,0.7932099195947035,0.5331886346546519,0.16883116883116878,0.0,0.0007265034621860567,0.24577958156625584,0.230532147736036
162,C3clean050_minus_C4clean050_hjorth_complexity,-0.11251640163242216,0.14320269298672003,0.8916784517604193,1.1490560299248314,0.2557190946191422,0.25259577761593693,0.25259577761593693,0.5844155844155844,0.5844155844155844,0.16883116883116878,256.0,0.3141654969301563,0.9992734965378139,0.0,0.20679008040529676,1.0,0.7932099195947032,0.5331886346546517,0.16883116883116878,0.0,0.0007265034621860567,0.2457795815662558,0.23053214773603592
186,C3clean_minus_C4clean_hjorth_complexity,-0.11251640163242216,0.14320269298672003,0.8916784517604193,1.1490560299248314,0.2557190946191422,0.25259577761593693,0.25259577761593693,0.5844155844155844,0.5844155844155844,0.16883116883116878,256.0,0.3141654969301563,0.9992734965378139,0.0,0.20679008040529676,1.0,0.7932099195947032,0.5331886346546517,0.16883116883116878,0.0,0.0007265034621860567,0.2457795815662558,0.23053214773603592
170,C3clean075_minus_C4clean075_hjorth_complexity,-0.1125164016324218,0.14320269298671937,0.8916784517604194,1.1490560299248314,0.25571909461914116,0.2525957776159359,0.2525957776159359,0.5844155844155844,0.5844155844155844,0.16883116883116878,256.0,0.3141654969301563,0.9992734965378139,0.0,0.20679008040529656,1.0,0.7932099195947034,0.5331886346546495,0.16883116883116878,0.0,0.0007265034621860567,0.245779581566255,0.23053214773603517
178,C3clean100_minus_C4clean100_hjorth_complexity,-0.11251640163242184,0.14320269298671928,0.8916784517604197,1.149056029924831,0.2557190946191411,0.2525957776159358,0.2525957776159358,0.5844155844155844,0.5844155844155844,0.16883116883116878,256.0,0.3141654969301563,0.9992734965378139,0.0,0.20679008040529667,1.0,0.7932099195947033,0.5331886346546494,0.16883116883116878,0.0,0.0007265034621860567,0.24577958156625496,0.23053214773603514
370,C3_minus_Cz_minus_C4_minus_Cz_hjorth_complexity,-0.11251640163242184,0.14320269298671928,0.8916784517604197,1.149056029924831,0.2557190946191411,0.2525957776159358,0.2525957776159358,0.5844155844155844,0.5844155844155844,0.16883116883116878,256.0,0.3141654969301563,0.9992734965378139,0.0,0.20679008040529667,1.0,0.7932099195947033,0.5331886346546494,0.16883116883116878,0.0,0.0007265034621860567,0.24577958156625496,0.23053214773603514
38,ch4_high_alpha_relpower,0.11745821748765126,-0.14949227680246488,1.0208238939819314,0.9996629616256832,-0.26695049429011614,-0.26388404213353656,0.26388404213353656,0.46590909090909094,0.5340909090909091,0.06818181818181812,329.0,0.6886751834089413,0.9992734965378139,0.04882587670680927,0.508989735506697,0.9227366860542385,0.491010264493303,0.5570174825524865,0.06818181818181812,0.2629320889795954,0.0007265034621860567,0.2714788233991443,0.23002484304386436
332,C3clean_minus_C4clean_over_abs_sum_alpha_relpower,-0.13390313941528523,0.17042217743763677,0.8668038335243066,1.1664471260202691,0.30432531685292197,0.301638261393094,0.301638261393094,0.5665584415584416,0.5665584415584416,0.1331168831168832,267.0,0.42863177651500073,0.9992734965378139,0.003428551809484981,0.5735112223727276,0.9879200415473721,0.42648877762727244,0.6367143701329346,0.1331168831168832,0.0184630845413358,0.0007265034621860567,0.273206205891922,0.22620015836165464
304,C3_laplacian_strong_logvar,0.09636764271857158,-0.12264972709636446,0.9280093893130298,1.1160429294172616,-0.21901736981493602,-0.21587185738036394,0.21587185738036394,0.4399350649350649,0.5600649350649352,0.12012987012987031,345.0,0.4756237400909963,0.9992734965378139,0.035936488317421356,0.22114004597802128,0.9680926619283523,0.7788599540219787,0.4556666463860984,0.12012987012987031,0.19352148043606318,0.0007265034621860567,0.24030572721402027,0.22436336134455317
231,C3_smooth_421_beta_relpower,0.06136987606546502,-0.07810711499241063,1.0312044636366788,1.0011659242246502,-0.13947699105787564,-0.13698769802764113,0.13698769802764113,0.4675324675324676,0.5324675324675324,0.06493506493506485,328.0,0.7031219883009681,0.9992734965378139,0.14757934546027807,0.701284837111697,0.9999806510417869,0.298715162888303,0.2891469274484435,0.06493506493506485,0.7947291110637806,0.0007265034621860567,0.2829471698932027,0.22341920190827158
271,C3_smooth_532_beta_relpower,0.0600206681117441,-0.07638994123312913,1.0313975973374847,1.0011579993302762,-0.13641060934487323,-0.1339620144510316,0.1339620144510316,0.4675324675324676,0.5324675324675324,0.06493506493506485,328.0,0.7031219883009681,0.9992734965378139,0.14202378990472253,0.7015441125686815,0.9999806510417869,0.29845588743131846,0.28275989128167084,0.06493506493506485,0.7648119047341153,0.0007265034621860567,0.27472826596889915,0.21690806670489393
79,C3_clean_075Cz_beta_relpower,0.08857117040035178,-0.11272694414590223,1.0633297640827708,0.9505058071286362,-0.20129811454625401,-0.1982231143877982,0.1982231143877982,0.4448051948051948,0.5551948051948052,0.11038961038961048,342.0,0.512643795603943,0.9992734965378139,0.07107068745162004,0.6070340693866513,0.946975704616271,0.3929659306133487,0.4184112107341304,0.11038961038961048,0.3827225556866307,0.0007265034621860567,0.26169744887685403,0.21403966867490745
417,C4_clean_minus_C3_minus_C4_corr,0.047531822615326166,-0.060495046964960796,1.079358808683366,0.9360710998917524,-0.10802686958028695,-0.10599678699235217,0.10599678699235217,0.43831168831168826,0.5616883116883118,0.12337662337662358,346.0,0.463617647570313,0.9992734965378139,0.09353966292059557,0.139426309201259,0.5540814330295106,0.860573690798741,0.2237269770101929,0.12337662337662358,0.5037201712085065,0.0007265034621860567,0.2223029447233057,0.21300448099110308
45,ch5_low_alpha_relpower,-0.05107446937005068,0.06500387010733777,1.0086415949598087,1.0319961166436855,0.11607833947738845,0.11392235126795677,0.11392235126795677,0.5422077922077921,0.5422077922077921,0.08441558441558428,282.0,0.6182204734175782,0.9992734965378139,0.13436505974599222,0.6460905424932671,0.9839171731463928,0.35390945750673286,0.24045736681754074,0.08441558441558428,0.7235688988653615,0.0007265034621860567,0.2584919630508847,0.20838919925957597
239,Cz_smooth_211_beta_relpower,0.05875928417146564,-0.07478454349095605,1.0335926329696057,0.9984706150810025,-0.13354382766242168,-0.13113413210292987,0.13113413210292987,0.46590909090909094,0.5340909090909091,0.06818181818181812,329.0,0.6886751834089413,0.9992734965378139,0.13162696450789735,0.701620359849041,0.9997191285165491,0.29837964015095897,0.27679040161912555,0.06818181818181812,0.7088239900314568,0.0007265034621860567,0.26257772528284024,0.20730876185245353
254,C3_smooth_611_high_alpha_relpower,0.0640583708643819,-0.08152883564557697,0.9396091371747387,1.1105877005446643,-0.14558720650995888,-0.1430197041738929,0.1430197041738929,0.4464285714285714,0.5535714285714286,0.1071428571428572,341.0,0.525309380502573,0.9992734965378139,0.0854198938008266,0.5214142948852165,0.9990252291452478,0.4785857051147835,0.30188012986000445,0.1071428571428572,0.45999442574953914,0.0007265034621860567,0.23522958094712804,0.1984339611214205
328,C3clean_minus_C4clean_over_abs_sum_logvar,-0.09489461846187798,0.12077496895148086,1.0566079152792365,0.9582625033299139,0.21566958741335884,0.2125335992023263,0.2125335992023263,0.5811688311688311,0.5811688311688311,0.16233766233766223,258.0,0.3333281982581736,0.9992734965378139,0.027904742285675077,0.630203071655576,0.995021796144797,0.369796928344424,0.448619784023497,0.16233766233766223,0.15026974785660266,0.0007265034621860567,0.24396170614394486,0.19783808117047014
198,C3_C4_mean_high_alpha_relpower,0.06763098809520887,-0.08607580303026606,0.9471534543657053,1.1016705806646718,-0.15370679112547492,-0.1510415610336428,0.1510415610336428,0.4594155844155844,0.5405844155844156,0.08116883116883122,333.0,0.6320596424729124,0.9992734965378139,0.08318252006345284,0.5315068023434127,0.9961910283958839,0.46849319765658726,0.3188137875246665,0.08116883116883122,0.44794595083677374,0.0007265034621860567,0.22965575705629757,0.19303667793447304
80,C3_clean_100Cz_logvar,0.10061329231338331,-0.1280532811261241,0.9761561726278504,1.0607280363485578,-0.22866657343950741,-0.22550396086440086,0.22550396086440086,0.44155844155844154,0.5584415584415585,0.11688311688311703,344.0,0.4877983877354033,0.9992734965378139,0.0,0.28671603012891744,1.0,0.7132839698710826,0.475999437888235,0.11688311688311703,0.0,0.0007265034621860567,0.20758154451619182,0.1897264576046783
352,Cz_minus_C3_logvar,0.10061329231338331,-0.1280532811261241,0.9761561726278504,1.0607280363485578,-0.22866657343950741,-0.22550396086440086,0.22550396086440086,0.44155844155844154,0.5584415584415585,0.11688311688311703,344.0,0.4877983877354033,0.9992734965378139,0.0,0.28671603012891744,1.0,0.7132839698710826,0.475999437888235,0.11688311688311703,0.0,0.0007265034621860567,0.20758154451619182,0.1897264576046783
336,C3_minus_Cz_logvar,0.10061329231338331,-0.1280532811261241,0.9761561726278504,1.0607280363485578,-0.22866657343950741,-0.22550396086440086,0.22550396086440086,0.44155844155844154,0.5584415584415585,0.11688311688311703,344.0,0.4877983877354033,0.9992734965378139,0.0,0.28671603012891744,1.0,0.7132839698710826,0.475999437888235,0.11688311688311703,0.0,0.0007265034621860567,0.20758154451619182,0.1897264576046783
215,C4_Cz_mean_beta_relpower,0.05152891553702045,-0.06558225613802565,1.035550494518286,0.9970714392019218,-0.1171111716750461,-0.11493942200812121,0.11493942200812121,0.46915584415584416,0.5308441558441559,0.06168831168831179,327.0,0.7176767975590095,0.9992734965378139,0.12414211602304892,0.703037744029512,0.99955885545363,0.296962255970488,0.24260434201739814,0.06168831168831179,0.6685173538673079,0.0007265034621860567,0.24027854991667869,0.18960108301504738
383,C3_dominant_asym_70_30_beta_relpower,0.07524564571072258,-0.09576718545001041,1.0403529951899035,0.9860133593325984,-0.171012831160733,-0.16816466847596007,0.16816466847596007,0.4383116883116883,0.5616883116883117,0.12337662337662336,346.0,0.463617647570313,0.9992734965378139,0.06649060087153358,0.6978008292148746,0.9984277630351462,0.30219917078512537,0.3549596381242079,0.12337662337662336,0.3580583445462786,0.0007265034621860567,0.23910201078076526,0.1890483363638367
255,C3_smooth_611_beta_relpower,0.06198965370686245,-0.07889592289964292,1.0301702929183298,1.0024182896974596,-0.14088557660650536,-0.13837790923417034,0.13837790923417034,0.47077922077922074,0.5292207792207793,0.05844155844155852,326.0,0.7323348187943389,0.9992734965378139,0.10811036999130286,0.7012734179681546,0.9997852766962019,0.29872658203184543,0.2920815797446048,0.05844155844155852,0.5821848441731303,0.0007265034621860567,0.23919271754600183,0.18887086917002902
418,csp_0,-0.08601681042980672,0.10947594054702688,0.9910933079760766,1.0467177934281977,0.1954927509768336,0.19245127344883434,0.19245127344883434,0.5795454545454546,0.5795454545454546,0.15909090909090917,259.0,0.34318659431881027,0.9992734965378139,0.0,0.16020862128081637,0.7453273692301756,0.8397913787191836,0.40622720143751695,0.15909090909090917,0.0,0.0007265034621860567,0.19793398903116777,0.18842076958497905
175,C3clean075_minus_C4clean075_beta_relpower,0.08879712606298981,-0.11301452408016645,0.9604613769391043,1.082129915291349,-0.20181165014315627,-0.19873392493933212,0.19873392493933212,0.4237012987012987,0.5762987012987013,0.15259740259740262,355.0,0.3634559127311593,0.9992734965378139,0.0,0.21362307336955844,0.9999999999999998,0.7863769266304416,0.41948950110535027,0.15259740259740262,0.0,0.0007265034621860567,0.20030306664218211,0.18746625963174698
183,C3clean100_minus_C4clean100_beta_relpower,0.0887971260629897,-0.11301452408016655,0.9604613769391044,1.0821299152913493,-0.20181165014315625,-0.1987339249393321,0.1987339249393321,0.4237012987012987,0.5762987012987013,0.15259740259740262,355.0,0.3634559127311593,0.9992734965378139,0.0,0.21362307336955846,0.9999999999999998,0.7863769266304416,0.4194895011053502,0.15259740259740262,0.0,0.0007265034621860567,0.2003030666421821,0.18746625963174696
375,C3_minus_Cz_minus_C4_minus_Cz_beta_relpower,0.0887971260629897,-0.11301452408016655,0.9604613769391044,1.0821299152913493,-0.20181165014315625,-0.1987339249393321,0.1987339249393321,0.4237012987012987,0.5762987012987013,0.15259740259740262,355.0,0.3634559127311593,0.9992734965378139,0.0,0.21362307336955844,0.9999999999999998,0.7863769266304416,0.4194895011053502,0.15259740259740262,0.0,0.0007265034621860567,0.2003030666421821,0.18746625963174696
159,C3clean025_minus_C4clean025_beta_relpower,0.08879712606298977,-0.11301452408016638,0.9604613769391043,1.0821299152913495,-0.20181165014315616,-0.19873392493933195,0.19873392493933195,0.4237012987012987,0.5762987012987013,0.15259740259740262,355.0,0.3634559127311593,0.9992734965378139,0.0,0.21362307336955846,0.9999999999999998,0.7863769266304416,0.41948950110534994,0.15259740259740262,0.0,0.0007265034621860567,0.200303066642182,0.18746625963174687
143,C3_minus_C4_beta_relpower,0.08879712606298962,-0.11301452408016642,0.9604613769391043,1.082129915291349,-0.20181165014315605,-0.1987339249393319,0.1987339249393319,0.4237012987012987,0.5762987012987013,0.15259740259740262,355.0,0.3634559127311593,0.9992734965378139,0.0,0.21362307336955846,0.9999999999999998,0.7863769266304416,0.4194895011053498,0.15259740259740262,0.0,0.0007265034621860567,0.20030306664218195,0.18746625963174685
151,C4_minus_C3_beta_relpower,0.08879712606298962,-0.11301452408016642,0.9604613769391043,1.082129915291349,-0.20181165014315605,-0.1987339249393319,0.1987339249393319,0.4237012987012987,0.5762987012987013,0.15259740259740262,355.0,0.3634559127311593,0.9992734965378139,0.0,0.21362307336955846,0.9999999999999998,0.7863769266304416,0.4194895011053498,0.15259740259740262,0.0,0.0007265034621860567,0.20030306664218195,0.18746625963174685
167,C3clean050_minus_C4clean050_beta_relpower,0.0887971260629896,-0.11301452408016632,0.9604613769391044,1.0821299152913493,-0.20181165014315594,-0.19873392493933179,0.19873392493933179,0.4237012987012987,0.5762987012987013,0.15259740259740262,355.0,0.3634559127311593,0.9992734965378139,0.0,0.21362307336955846,0.9999999999999998,0.7863769266304416,0.4194895011053496,0.15259740259740262,0.0,0.0007265034621860567,0.20030306664218187,0.18746625963174676
191,C3clean_minus_C4clean_beta_relpower,0.0887971260629896,-0.11301452408016632,0.9604613769391044,1.0821299152913493,-0.20181165014315594,-0.19873392493933179,0.19873392493933179,0.4237012987012987,0.5762987012987013,0.15259740259740262,355.0,0.3634559127311593,0.9992734965378139,0.0,0.21362307336955846,0.9999999999999998,0.7863769266304416,0.4194895011053496,0.15259740259740262,0.0,0.0007265034621860567,0.20030306664218187,0.18746625963174676
25,ch3_hjorth_mobility,0.1051951384693397,-0.1338847216882486,0.9643996291050372,1.0731351377970728,-0.2390798601575883,-0.23591668503975974,0.23591668503975974,0.42694805194805197,0.573051948051948,0.14610389610389607,353.0,0.38445811100722727,0.9992734965378139,0.0,0.5778127469904416,0.9280499492333063,0.4221872530095584,0.4979800727493231,0.14610389610389607,0.0,0.0007265034621860567,0.22550203944484531,0.1864126535857734
105,C4_clean_075Cz_hjorth_mobility,-0.11070451548130608,0.14089665606711496,0.9538335870552546,1.0835467638709846,0.25160117154842104,0.2484631626043144,0.2484631626043144,0.5438311688311688,0.5438311688311688,0.08766233766233755,281.0,0.6045154428612253,0.9992734965378139,0.0,0.44147534677044226,0.902431062035796,0.5585246532295578,0.5244649327624141,0.08766233766233755,0.0,0.0007265034621860567,0.2143171949948817,0.1859324676011115
408,C3_minus_C4_logvar_diff,-0.05844647151792707,0.07438641829554377,1.0182072899739505,1.0186469670123777,0.13283288981347083,0.13043296601603874,0.13043296601603874,0.5892857142857143,0.5892857142857143,0.1785714285714286,253.0,0.2868070466263438,0.9992734965378139,0.05376188514281788,0.479783857300809,0.9769632056827905,0.5202161426991909,0.27531028215438413,0.1785714285714286,0.2895129738881024,0.0007265034621860567,0.21683384387787355,0.18562383047514727
420,csp_2,0.07623678227968764,-0.0970286319923292,0.9951942880341518,1.0440084689979565,-0.17326541427201683,-0.17039613475235008,0.17039613475235008,0.4204545454545454,0.5795454545454546,0.15909090909090917,357.0,0.34318659431881027,0.9992734965378139,0.007094496975429854,0.14888168450974548,0.7095614627374277,0.8511183154902545,0.35967012930789183,0.15909090909090917,0.03820455536744203,0.0007265034621860567,0.18927992485928735,0.1808258306422087
53,ch6_low_alpha_relpower,-0.0776627291611606,0.09884347347784109,0.994006218282602,1.045144590837991,0.17650620263900169,0.17360768257237907,0.17360768257237907,0.5551948051948052,0.5551948051948052,0.11038961038961048,274.0,0.512643795603943,0.9992734965378139,0.051793631174563926,0.6357439809222616,0.9629428443108249,0.3642560190777384,0.36644951372086154,0.11038961038961048,0.2789137350741639,0.0007265034621860567,0.2227490907997166,0.18026567268016877
292,C4_laplacian_simple_alpha_relpower,-0.07944934886514174,0.10111735310109009,0.9014347889917926,1.1476379111883368,0.1805667019662318,0.177633480339323,0.177633480339323,0.5211038961038961,0.5211038961038961,0.04220779220779214,295.0,0.8069977320408938,0.9992734965378139,0.06483309171402452,0.5861984305876254,0.987032745783613,0.41380156941237456,0.3749477308300003,0.04220779220779214,0.349132496723747,0.0007265034621860567,0.21590358275419538,0.1779348803435689
282,C3_laplacian_simple_hjorth_complexity,0.05300898723868251,-0.06746598375832265,0.8733589685234767,1.1797250658942882,-0.12047497099700516,-0.11825252513996229,0.11825252513996229,0.47889610389610393,0.5211038961038961,0.04220779220779214,321.0,0.8069977320408938,0.9992734965378139,0.09751563139656438,0.5230064012622365,0.9658522350863146,0.4769935987377635,0.24959810358946208,0.04220779220779214,0.5251311476745514,0.0007265034621860567,0.20723094341016784,0.1747160104272288
127,C3_clean_beta_relpower,0.0728025634164156,-0.09265780798452877,1.0410063767471744,0.9856824621343871,-0.16546037140094438,-0.16266697484979697,0.16266697484979697,0.4431818181818182,0.5568181818181819,0.11363636363636376,343.0,0.5001392422727774,0.9992734965378139,0.0560461564270891,0.6958977872464985,0.9999999999999998,0.30410221275350147,0.34335433732686327,0.11363636363636376,0.3018139966465074,0.0007265034621860567,0.22038219501264952,0.17437315045530077
71,C3_clean_050Cz_beta_relpower,0.0728025634164156,-0.09265780798452877,1.0410063767471744,0.9856824621343871,-0.16546037140094438,-0.16266697484979697,0.16266697484979697,0.4431818181818182,0.5568181818181819,0.11363636363636376,343.0,0.5001392422727774,0.9992734965378139,0.0560461564270891,0.6958977872464985,0.9999999999999998,0.30410221275350147,0.34335433732686327,0.11363636363636376,0.3018139966465074,0.0007265034621860567,0.22038219501264952,0.17437315045530077
279,C4_smooth_532_beta_relpower,0.05154450684228085,-0.06560209961744773,1.0332752777020437,1.0000992336380967,-0.11714660645972858,-0.11497431765729824,0.11497431765729824,0.474025974025974,0.525974025974026,0.051948051948051965,324.0,0.7619407670310702,0.9992734965378139,0.10896029784123029,0.7028310711300524,0.9999562788517776,0.2971689288699476,0.2426780046353532,0.051948051948051965,0.5867617882064197,0.0007265034621860567,0.22054412779169436,0.17404254812151043
199,C3_C4_mean_beta_relpower,0.05226371127928461,-0.06651745071909042,1.0308496134757508,1.0031997039650142,-0.11878116199837502,-0.11658412097812482,0.11658412097812482,0.48051948051948057,0.5194805194805194,0.03896103896103886,320.0,0.8221684027203731,0.9992734965378139,0.1104047422856751,0.7022596079894485,0.9993407568693186,0.29774039201055147,0.2460762026858683,0.03896103896103886,0.5945402618521347,0.0007265034621860567,0.21874373729306307,0.17265926993259104
7,C3_beta_relpower,0.06481961210234956,-0.0824976881302636,1.0303109191963764,1.0016897784432197,-0.14731730023261316,-0.14472837022503324,0.14472837022503324,0.4675324675324676,0.5324675324675324,0.06493506493506485,328.0,0.7031219883009681,0.9992734965378139,0.08011036999130261,0.7007881622925269,0.9997429457234046,0.29921183770747306,0.3054870211919127,0.06493506493506485,0.43140212427161506,0.0007265034621860567,0.21600080534498378,0.17058956311555867
331,C3clean_minus_C4clean_over_abs_sum_mu_relpower,-0.10148899273702358,0.12916780893803007,0.9370218155764093,1.1049300262579993,0.23065680167505365,0.2274926199926811,0.2274926199926811,0.551948051948052,0.551948051948052,0.10389610389610393,276.0,0.5381331716109485,0.9992734965378139,0.0,0.5731931622532102,0.9879200415473721,0.42680683774678985,0.4801973777765632,0.10389610389610393,0.0,0.0007265034621860567,0.2045053689316521,0.16933904519694418
42,ch5_hjorth_complexity,-0.09351882794411066,0.1190239628379572,1.0152751721960278,1.0144736306368873,0.21254279078206786,0.20941732605563163,0.20941732605563163,0.5844155844155844,0.5844155844155844,0.16883116883116878,256.0,0.3141654969301563,0.9992734965378139,0.0,0.698239824230885,0.9908917494539776,0.30176017576911496,0.4420415187193026,0.16883116883116878,0.0,0.0007265034621860567,0.2138780909888836,0.169076630791209
230,C3_smooth_421_high_alpha_relpower,0.06260143828393275,-0.07967455781591483,0.9455487970954506,1.1043404551114426,-0.1422759960998476,-0.13975039234934128,0.13975039234934128,0.45616883116883117,0.5438311688311688,0.08766233766233755,335.0,0.6045154428612253,0.9992734965378139,0.05946751284844565,0.5113305636742306,0.9998519294175542,0.4886694363257694,0.29497880910548346,0.08766233766233755,0.3202383333238163,0.0007265034621860567,0.1980447183797192,0.16766482313517736
63,C3_clean_025Cz_beta_relpower,0.06645165826401117,-0.0845748377905595,1.0314077015904197,0.9999129300848796,-0.1510264960545707,-0.1483927225380705,0.1483927225380705,0.46590909090909094,0.5340909090909091,0.06818181818181812,329.0,0.6886751834089413,0.9992734965378139,0.07165077403170694,0.7003968497685664,0.9992083368271697,0.2996031502314336,0.3132222486730996,0.06818181818181812,0.3858463782696261,0.0007265034621860567,0.21073334939936506,0.1664542571812169
46,ch5_high_alpha_relpower,0.05846008261567225,-0.07440374151085562,0.9778564580788178,1.068265834042744,-0.13286382412652786,-0.13046347411548734,0.13046347411548734,0.4740259740259741,0.525974025974026,0.051948051948051965,324.0,0.7619407670310702,0.9992734965378139,0.07984918673011965,0.5739619559623272,0.9627742012689214,0.42603804403767276,0.275374682918583,0.051948051948051965,0.42999562703897526,0.0007265034621860567,0.20063473295733592,0.1660877218286844
206,C3_Cz_mean_high_alpha_relpower,0.058911926680424366,-0.07497881577508528,0.9487606018890946,1.1014099691565444,-0.13389074245550964,-0.13147629651798468,0.13147629651798468,0.4594155844155844,0.5405844155844156,0.08116883116883122,333.0,0.6320596424729124,0.9992734965378139,0.06236555924649201,0.4996590570619636,0.9986461078326708,0.5003409429380363,0.2775126901329782,0.08116883116883122,0.3358445946916097,0.0007265034621860567,0.19278010174017385,0.16388280458343243
247,C4_smooth_421_beta_relpower,0.04932380767831916,-0.0627757552269519,1.0337653500697181,0.9997873931845883,-0.11209956290527107,-0.11000513044198433,0.11000513044198433,0.47564935064935066,0.5243506493506493,0.04870129870129869,323.0,0.7768785634196818,0.9992734965378139,0.10099204387297633,0.7030816229428545,0.9999562788517776,0.2969183770571455,0.23218834910460565,0.04870129870129869,0.5438519665564424,0.0007265034621860567,0.2071544203895736,0.16346048056338727
286,C3_laplacian_simple_high_alpha_relpower,-0.10428503044428303,0.132726402383633,0.8283129023799067,1.2107292178802909,0.23701143282791604,0.23384684989975532,0.23384684989975532,0.5340909090909091,0.5340909090909091,0.06818181818181812,287.0,0.6886751834089413,0.9992734965378139,0.0,0.6033505195791441,0.9760961729205474,0.3966494804208559,0.49361077517945656,0.06818181818181812,0.0,0.0007265034621860567,0.19670005802266474,0.16109633335989795
317,C4_laplacian_strong_low_alpha_relpower,-0.08632188032040612,0.10986421131688125,1.0874250908605898,0.9154362965187959,0.19618609163728737,0.19314035055361273,0.19314035055361273,0.564935064935065,0.564935064935065,0.1298701298701299,268.0,0.4401197187985286,0.9992734965378139,0.0,0.4853295801028191,0.9509077147167677,0.5146704198971809,0.4076818017876455,0.1298701298701299,0.0,0.0007265034621860567,0.18821582642644,0.16081181402396522
250,C3_smooth_611_hjorth_complexity,-0.07948404304786513,0.10116150933364555,1.024016567901888,1.0067745660973981,0.1806455523815107,0.17771167849921451,0.17771167849921451,0.5746753246753247,0.5746753246753247,0.14935064935064934,262.0,0.3738657642036093,0.9992734965378139,0.014696950077882853,0.6696535986441635,0.9988312879046919,0.3303464013558365,0.3751128024453085,0.14935064935064934,0.07914450382142652,0.0007265034621860567,0.19946375923908916,0.15939227198702444
389,C4_dominant_asym_70_30_low_alpha_relpower,-0.049900481644013485,0.06350970391056243,0.9896440327068079,1.0555492442898986,0.11341018555457591,0.11129533106837096,0.11129533106837096,0.5113636363636364,0.5113636363636364,0.022727272727272707,301.0,0.8989115061361105,0.9992734965378139,0.09833042771136014,0.6369974660164684,0.9841815795835082,0.36300253398353155,0.2349118850773785,0.022727272727272707,0.5295189049785025,0.0007265034621860567,0.19615013657354705,0.15866599458670694
109,C4_clean_075Cz_low_alpha_relpower,-0.09058786716803606,0.11529364912295453,1.0238604269084406,1.0041332443145268,0.2058815162909906,0.20278360130757336,0.20278360130757336,0.5616883116883117,0.5616883116883117,0.12337662337662336,270.0,0.463617647570313,0.9992734965378139,0.0,0.5945034093236635,0.965332758067859,0.4054965906763365,0.42803812450656703,0.12337662337662336,0.0,0.0007265034621860567,0.19306781210533525,0.15863397034715054
34,ch4_hjorth_complexity,-0.08722866742797498,0.11101830399924198,1.006765264165232,1.026998424480639,0.19824697142721698,0.19518897137729047,0.19518897137729047,0.5698051948051948,0.5698051948051948,0.13961038961038952,265.0,0.4061864684121447,0.9992734965378139,0.0,0.6181637671239514,0.9707352693749803,0.3818362328760486,0.41200631721086617,0.13961038961038952,0.0,0.0007265034621860567,0.1931384977336581,0.15732113133294845
310,C3_laplacian_strong_high_alpha_relpower,-0.09795968567579992,0.12467596358738152,0.9182204279659633,1.125988723676192,0.22263564926318144,0.2194819033846694,0.2194819033846694,0.5454545454545454,0.5454545454545454,0.09090909090909083,280.0,0.5909484336721458,0.9992734965378139,0.0,0.6313007901992057,0.9859274128793992,0.3686992098007943,0.4632872365137182,0.09090909090909083,0.0,0.0007265034621860567,0.19404136494420177,0.15729182483801965
270,C3_smooth_532_high_alpha_relpower,0.0624265858744117,-0.07945201838561532,0.9478121175236379,1.1018731500365835,-0.14187860426002702,-0.13935810635538906,0.13935810635538906,0.4594155844155844,0.5405844155844156,0.08116883116883122,333.0,0.6320596424729124,0.9992734965378139,0.04909521847615128,0.5106773836057781,0.9998519294175542,0.4893226163942219,0.2941507169512144,0.08116883116883122,0.2643825205711838,0.0007265034621860567,0.18431099630247133,0.15607395909401522
102,C4_clean_050Cz_high_alpha_relpower,0.06200144566050979,-0.07891093084064842,0.9676295016876697,1.079574108971468,-0.1409123765011582,-0.13840436151685323,0.13840436151685323,0.4464285714285714,0.5535714285714286,0.1071428571428572,341.0,0.525309380502573,0.9992734965378139,0.0457301391110716,0.5942695684404219,1.0,0.4057304315595781,0.2921374189233925,0.1071428571428572,0.24626124130864188,0.0007265034621860567,0.18907299523113438,0.15536489704721113
134,C4_clean_high_alpha_relpower,0.06200144566050979,-0.07891093084064842,0.9676295016876697,1.079574108971468,-0.1409123765011582,-0.13840436151685323,0.13840436151685323,0.4464285714285714,0.5535714285714286,0.1071428571428572,341.0,0.525309380502573,0.9992734965378139,0.0457301391110716,0.5942695684404219,1.0,0.4057304315595781,0.2921374189233925,0.1071428571428572,0.24626124130864188,0.0007265034621860567,0.18907299523113438,0.15536489704721113
133,C4_clean_low_alpha_relpower,-0.05818796838470761,0.07405741430780953,0.9922019858195373,1.0511668889732089,0.13224538269251715,0.12985357122434396,0.12985357122434396,0.5275974025974026,0.5275974025974026,0.05519480519480524,291.0,0.7470911465242466,0.9992734965378139,0.06934125022218307,0.6093341514024269,0.9999999999999998,0.39066584859757314,0.2740872145745478,0.05519480519480524,0.373409368209722,0.0007265034621860567,0.1900032309074366,0.1552705936668259
101,C4_clean_050Cz_low_alpha_relpower,-0.05818796838470761,0.07405741430780953,0.9922019858195373,1.0511668889732089,0.13224538269251715,0.12985357122434396,0.12985357122434396,0.5275974025974026,0.5275974025974026,0.05519480519480524,291.0,0.7470911465242466,0.9992734965378139,0.06934125022218307,0.6093341514024269,0.9999999999999998,0.39066584859757314,0.2740872145745478,0.05519480519480524,0.373409368209722,0.0007265034621860567,0.1900032309074366,0.1552705936668259
403,C4clean_dominant_asym_70_30_mu_relpower,-0.04771216734557149,0.06072457662163671,0.9693250458439129,1.0798186959900737,0.1084367439672082,0.10640012524559941,0.10640012524559941,0.5178571428571428,0.5178571428571428,0.03571428571428559,297.0,0.8374058575385208,0.9992734965378139,0.09240474228567486,0.6198289303937139,0.987631293073044,0.3801710696062861,0.22457839981952044,0.03571428571428559,0.49760851334401734,0.0007265034621860567,0.1906967929518542,0.15523697619039642
90,C4_clean_025Cz_hjorth_complexity,-0.05743364054026375,0.07309736068760624,1.0393639141946986,0.9909735299328235,0.13053100122786998,0.12816305251691112,0.12816305251691112,0.5487012987012987,0.5487012987012987,0.09740259740259738,278.0,0.5642432881358106,0.9992734965378139,0.06055409293502567,0.6755175120837275,0.9959110683748,0.32448248791627254,0.27051863119443165,0.09740259740259738,0.32608967263972194,0.0007265034621860567,0.19406301488312316,0.15473512538272874
411,C3_clean_minus_C4_clean_corr,0.05202440350186567,-0.0662128771841935,0.9356115526497943,1.1168152709254926,-0.11823728068605917,-0.11604845012904576,0.11604845012904576,0.4383116883116882,0.5616883116883118,0.12337662337662358,346.0,0.463617647570313,0.9992734965378139,0.04759449697542961,0.4800617506850876,0.9632687926006834,0.5199382493149124,0.24494543372079775,0.12337662337662358,0.25630098951070185,0.0007265034621860567,0.18024556823245644,0.15428686732078598
303,Cz_laplacian_simple_beta_relpower,-0.08966572597803403,0.11412001488113442,0.9466735424536213,1.0974259018124741,0.20378574085916845,0.20069790925497777,0.20069790925497777,0.5551948051948052,0.5551948051948052,0.11038961038961048,274.0,0.512643795603943,0.9992734965378139,0.0,0.5905646402330164,0.9518031867863282,0.40943535976698364,0.42363535394732504,0.11038961038961048,0.0,0.0007265034621860567,0.18698138786414603,0.1538540090478682
256,C4_smooth_611_logvar,0.053470487397495985,-0.06805334759681342,1.0518117921632486,0.974624237020397,-0.12152383499430941,-0.11928578400365904,0.11928578400365904,0.46915584415584416,0.5308441558441559,0.06168831168831179,327.0,0.7176767975590095,0.9992734965378139,0.06638886926980203,0.5453984897870633,0.9991506901841425,0.4546015102129367,0.2517792509450837,0.06168831168831179,0.35751050998881356,0.0007265034621860567,0.18128839926566975,0.1516260735130466
235,Cz_smooth_211_mu_relpower,-0.05602831934365796,0.07130877007374664,0.94503593254877,1.1059735164333404,0.1273370894174046,0.12501434326548122,0.12501434326548122,0.5487012987012987,0.5487012987012987,0.09740259740259738,278.0,0.5642432881358106,0.9992734965378139,0.05218973507066771,0.592992412618967,0.9992433764588287,0.40700758738103304,0.26387189522276405,0.09740259740259738,0.2810467930319537,0.0007265034621860567,0.18272808137148583,0.15022117162377213
6,C3_high_alpha_relpower,0.06156069650262622,-0.07834997736697925,0.9315018831797406,1.1197587020084432,-0.13991067386960548,-0.13741570193843888,0.13741570193843888,0.44805194805194803,0.551948051948052,0.10389610389610393,340.0,0.5381331716109485,0.9992734965378139,0.037125521506454096,0.5299790916073435,0.998744143241956,0.47002090839265653,0.2900504179782922,0.10389610389610393,0.19992453966090346,0.0007265034621860567,0.17793884093443796,0.14964768135040885
226,C3_smooth_421_hjorth_complexity,-0.07993849421539369,0.10173990172868246,1.0257791271332326,1.0043556853319184,0.18167839594407614,0.178736055102327,0.178736055102327,0.5762987012987013,0.5762987012987013,0.15259740259740262,261.0,0.3634559127311593,0.9992734965378139,0.0,0.6711691537498425,0.999730588421928,0.32883084625015746,0.3772751998827189,0.15259740259740262,0.0,0.0007265034621860567,0.18552806121426113,0.14817184766165373
280,C3_laplacian_simple_logvar,0.07581092188772698,-0.09648662785710797,0.9000772583740926,1.1497516930992349,-0.17229754974483497,-0.16943726449841237,0.16943726449841237,0.45292207792207795,0.547077922077922,0.0941558441558441,337.0,0.577523184728829,0.9992734965378139,0.0,0.21389634053148243,0.9496270690606057,0.7861036594685176,0.3576460118362277,0.0941558441558441,0.0,0.0007265034621860567,0.15820329994344373,0.14805156786807158
283,C3_laplacian_simple_mu_relpower,-0.06792845659349543,0.08645439930081213,0.9278056021901832,1.1225849622568764,0.15438285589430756,0.15170981893487775,0.15170981893487775,0.5373376623376622,0.5373376623376622,0.07467532467532445,285.0,0.6601241631054685,0.9992734965378139,0.04008656046749315,0.6272464786410605,0.9928879052921483,0.37275352135893947,0.3202244397874857,0.07467532467532445,0.21587002209946848,0.0007265034621860567,0.18146157232809587,0.1473152326526554
361,Cz_minus_C4_hjorth_mobility,-0.08392659037039855,0.10681566047141518,0.9682859762023321,1.0743141230516027,0.19074225084181373,0.1877318465934712,0.1877318465934712,0.551948051948052,0.551948051948052,0.10389610389610393,276.0,0.5381331716109485,0.9992734965378139,0.0,0.5325103380846452,0.9999999999999998,0.4674896619153548,0.39626477501438784,0.10389610389610393,0.0,0.0007265034621860567,0.17512895796489072,0.14715156378060204
345,C4_minus_Cz_hjorth_mobility,-0.08392659037039855,0.10681566047141518,0.9682859762023321,1.0743141230516027,0.19074225084181373,0.1877318465934712,0.1877318465934712,0.551948051948052,0.551948051948052,0.10389610389610393,276.0,0.5381331716109485,0.9992734965378139,0.0,0.5325103380846452,0.9999999999999998,0.4674896619153548,0.39626477501438784,0.10389610389610393,0.0,0.0007265034621860567,0.17512895796489072,0.14715156378060204
113,C4_clean_100Cz_hjorth_mobility,-0.08392659037039855,0.10681566047141518,0.9682859762023321,1.0743141230516027,0.19074225084181373,0.1877318465934712,0.1877318465934712,0.551948051948052,0.551948051948052,0.10389610389610393,276.0,0.5381331716109485,0.9992734965378139,0.0,0.5325103380846452,0.9999999999999998,0.4674896619153548,0.39626477501438784,0.10389610389610393,0.0,0.0007265034621860567,0.17512895796489072,0.14715156378060204
221,C3_Cz_C4_mean_low_alpha_relpower,-0.05303662596305793,0.06750116031661965,1.0036461897585092,1.0379408439551718,0.12053778627967758,0.1183144031136545,0.1183144031136545,0.5324675324675325,0.5324675324675325,0.06493506493506507,288.0,0.7031219883009681,0.9992734965378139,0.06618179856273132,0.6361344215347068,0.9991524460453961,0.3638655784652932,0.24972872427265383,0.06493506493506507,0.35639541411652603,0.0007265034621860567,0.18148405939222545,0.14684958225045233
349,C4_minus_Cz_low_alpha_relpower,-0.07628956368121585,0.09709580832154824,1.1099018873631887,0.8828743848777821,0.1733853720027641,0.1705149860543406,0.1705149860543406,0.5681818181818181,0.5681818181818181,0.13636363636363624,266.0,0.41732017755007955,0.9992734965378139,0.0,0.5183170078351858,1.0,0.48168299216481425,0.3599210172626502,0.13636363636363624,0.0,0.0007265034621860567,0.17377227911541884,0.14675154078867744
117,C4_clean_100Cz_low_alpha_relpower,-0.07628956368121585,0.09709580832154824,1.1099018873631887,0.8828743848777821,0.1733853720027641,0.1705149860543406,0.1705149860543406,0.5681818181818181,0.5681818181818181,0.13636363636363624,266.0,0.41732017755007955,0.9992734965378139,0.0,0.5183170078351858,1.0,0.48168299216481425,0.3599210172626502,0.13636363636363624,0.0,0.0007265034621860567,0.17377227911541884,0.14675154078867744
365,Cz_minus_C4_low_alpha_relpower,-0.07628956368121585,0.09709580832154824,1.1099018873631887,0.8828743848777821,0.1733853720027641,0.1705149860543406,0.1705149860543406,0.5681818181818181,0.5681818181818181,0.13636363636363624,266.0,0.41732017755007955,0.9992734965378139,0.0,0.5183170078351858,1.0,0.48168299216481425,0.3599210172626502,0.13636363636363624,0.0,0.0007265034621860567,0.17377227911541884,0.14675154078867744
320,C3_minus_C4_over_abs_sum_logvar,-0.07986301221706016,0.1016438337308049,1.0537881326222276,0.9663738381173662,0.18150684594786506,0.1785659015257516,0.1785659015257516,0.5698051948051948,0.5698051948051948,0.13961038961038952,265.0,0.4061864684121447,0.9992734965378139,0.0,0.6360496712402689,0.995021796144797,0.3639503287597311,0.3769160159099154,0.13961038961038952,0.0,0.0007265034621860567,0.18085689227832533,0.14634670221577567
266,C3_smooth_532_hjorth_complexity,-0.07907967238487205,0.1006468557625634,1.0273360729976144,1.0025139826876222,0.17972652814743545,0.17680030793167403,0.17680030793167403,0.5746753246753247,0.5746753246753247,0.14935064935064934,262.0,0.3738657642036093,0.9992734965378139,0.0,0.672291052643615,0.999730588421928,0.327708947356385,0.3731889539565858,0.14935064935064934,0.0,0.0007265034621860567,0.18296151150375092,0.14606049535511384
297,Cz_laplacian_simple_hjorth_mobility,-0.07220389768989688,0.09189586978714223,1.005420240949933,1.0322133351933156,0.1640997674770391,0.1613203693253923,0.1613203693253923,0.5324675324675325,0.5324675324675325,0.06493506493506507,288.0,0.7031219883009681,0.9992734965378139,0.03221354459447734,0.5842694537877923,0.9421532390418049,0.41573054621220773,0.34051173400467905,0.06493506493506507,0.17347306684371436,0.0007265034621860567,0.17667364334387192,0.14570613941530494
357,Cz_minus_C3_low_alpha_relpower,-0.05113578313305841,0.06508190580571119,1.027750025712858,1.0074556867110849,0.1162176889387696,0.11405956890196835,0.11405956890196835,0.5340909090909091,0.5340909090909091,0.06818181818181812,287.0,0.6886751834089413,0.9992734965378139,0.06510315498408792,0.617285074168628,0.9999999999999998,0.382714925831372,0.24074702499525838,0.06818181818181812,0.3505868136668062,0.0007265034621860567,0.17831510819155663,0.14529373175593302
341,C3_minus_Cz_low_alpha_relpower,-0.05113578313305841,0.06508190580571119,1.027750025712858,1.0074556867110849,0.1162176889387696,0.11405956890196835,0.11405956890196835,0.5340909090909091,0.5340909090909091,0.06818181818181812,287.0,0.6886751834089413,0.9992734965378139,0.06510315498408792,0.617285074168628,0.9999999999999998,0.382714925831372,0.24074702499525838,0.06818181818181812,0.3505868136668062,0.0007265034621860567,0.17831510819155663,0.14529373175593302
85,C3_clean_100Cz_low_alpha_relpower,-0.05113578313305841,0.06508190580571119,1.027750025712858,1.0074556867110849,0.1162176889387696,0.11405956890196835,0.11405956890196835,0.5340909090909091,0.5340909090909091,0.06818181818181812,287.0,0.6886751834089413,0.9992734965378139,0.06510315498408792,0.617285074168628,0.9999999999999998,0.382714925831372,0.24074702499525838,0.06818181818181812,0.3505868136668062,0.0007265034621860567,0.17831510819155663,0.14529373175593302
378,C3_dominant_asym_70_30_hjorth_complexity,-0.07526738934390284,0.09579485916496731,1.0265443619485088,1.0044441419819974,0.17106224850887014,0.16821361566380622,0.16821361566380622,0.5795454545454546,0.5795454545454546,0.15909090909090917,259.0,0.34318659431881027,0.9992734965378139,0.0,0.6528139873231561,0.9967481240552063,0.3471860126768439,0.35506296269570375,0.15909090909090917,0.0,0.0007265034621860567,0.18002650547153315,0.1447693592133155
2,C3_hjorth_complexity,-0.0783305380219944,0.09969341202799477,1.0215607156044,1.0102502774994786,0.17802395004998917,0.1751122048843655,0.1751122048843655,0.573051948051948,0.573051948051948,0.14610389610389607,263.0,0.38445811100722727,0.9992734965378139,0.0,0.6647501956081378,0.9984833083280871,0.33524980439186225,0.369625469889795,0.14610389610389607,0.0,0.0007265034621860567,0.18057792844401047,0.14456616446731
202,C3_Cz_mean_hjorth_complexity,-0.08085078621545638,0.10290100063785289,1.024428918287234,1.0059050468058366,0.18375178685330928,0.18079288226578508,0.18079288226578508,0.5665584415584415,0.5665584415584415,0.13311688311688297,267.0,0.42863177651500073,0.9992734965378139,0.0,0.6681957387664407,0.9992504627902958,0.33180426123355933,0.3816170383959609,0.13311688311688297,0.0,0.0007265034621860567,0.18022952287571398,0.1441009431200757
37,ch4_low_alpha_relpower,-0.05946070784017425,0.07567726452385751,1.0197633972048232,1.0164653833066322,0.13513797236403174,0.13270654554177744,0.13270654554177744,0.551948051948052,0.551948051948052,0.10389610389610393,276.0,0.5381331716109485,0.9992734965378139,0.03946779034872305,0.6221712330377,0.9621681046957865,0.37782876696229994,0.28010967187616037,0.10389610389610393,0.2125378849029707,0.0007265034621860567,0.17698224884710528,0.14394826964980872
11,Cz_mu_relpower,-0.06747206828538545,0.08587354145412705,0.9432535285825185,1.1059936667648673,0.1533456097395125,0.15068457156934828,0.15068457156934828,0.5551948051948051,0.5551948051948051,0.11038961038961026,274.0,0.512643795603943,0.9992734965378139,0.02310365448458751,0.5957082816686688,0.9935095817932327,0.40429171833133115,0.3180602042229516,0.11038961038961026,0.1244154236732469,0.0007265034621860567,0.17491317019526464,0.14365400297779246
55,ch6_beta_relpower,0.08816291692364855,-0.11220734881191693,1.0247118465129674,1.0036705420143552,-0.2003702657355655,-0.1973002890458711,0.1973002890458711,0.4496753246753247,0.5503246753246753,0.10064935064935066,339.0,0.5511121866916194,0.9992734965378139,0.0,0.6928189222044737,0.9722188531243376,0.3071810777955263,0.4164631819051848,0.10064935064935066,0.0,0.0007265034621860567,0.181062036740306,0.1434290751963363
251,C3_smooth_611_mu_relpower,-0.05042658050533249,0.06417928427951386,0.9528812675638004,1.0981076739582802,0.11460586478484636,0.11247250332779757,0.11247250332779757,0.5373376623376623,0.5373376623376623,0.07467532467532467,285.0,0.6601241631054685,0.9992734965378139,0.060079345460278155,0.6002090963941823,0.999177847087866,0.3997909036058177,0.2373968249612458,0.07467532467532467,0.32353311137155033,0.0007265034621860567,0.17400452499332836,0.142672795378905
222,C3_Cz_C4_mean_high_alpha_relpower,0.06070158664806247,-0.07725656482480682,0.9522817053959661,1.0972005100242683,-0.13795815147286927,-0.13548889822840318,0.13548889822840318,0.4642857142857143,0.5357142857142857,0.0714285714285714,330.0,0.67434105752498,0.9992734965378139,0.0388333137142467,0.5096168177357386,0.9991265363647959,0.49038318226426136,0.2859830511599615,0.0714285714285714,0.20912116659367416,0.0007265034621860567,0.16699095157093996,0.14146053237186637
218,C3_Cz_C4_mean_hjorth_complexity,-0.07621262447954698,0.09699788570123968,1.030951200633021,0.9984069840011337,0.17321051018078665,0.17034173768213445,0.17034173768213445,0.564935064935065,0.564935064935065,0.1298701298701299,268.0,0.4401197187985286,0.9992734965378139,0.0,0.6741966578515686,0.9995317699180841,0.32580334214843143,0.3595553003622878,0.1298701298701299,0.0,0.0007265034621860567,0.17137155092756481,0.1367101128617036
263,C4_smooth_611_beta_relpower,0.04399938268344503,-0.05599921432438482,1.033604746180769,1.0007534454720635,-0.09999859700782986,-0.0980991443561633,0.0980991443561633,0.48538961038961037,0.5146103896103896,0.02922077922077926,317.0,0.8680588480680906,0.9992734965378139,0.08384918673011943,0.7032126551158685,0.9995675449275119,0.2967873448841315,0.2070555281053778,0.02922077922077926,0.4515360155963332,0.0007265034621860567,0.17307656102964025,0.13656367262364716
194,C3_C4_mean_hjorth_complexity,-0.07155847668248241,0.09107442486861293,1.0344578981914916,0.9947806118520846,0.16263290155109533,0.15986884561258102,0.15986884561258102,0.5746753246753247,0.5746753246753247,0.14935064935064934,262.0,0.3738657642036093,0.9992734965378139,0.0,0.6756721595532874,0.9977175097193792,0.3243278404467126,0.3374476546930405,0.14935064935064934,0.0,0.0007265034621860567,0.17045205676151004,0.13590114397380534
245,C4_smooth_421_low_alpha_relpower,-0.050364402226934786,0.06410014828882621,1.000128801283487,1.0426985593756837,0.11446455051576099,0.11233337014081976,0.11233337014081976,0.5292207792207793,0.5292207792207793,0.05844155844155852,290.0,0.7323348187943389,0.9992734965378139,0.05989608427701709,0.6378798817604967,0.9997924654736883,0.3621201182395033,0.23710312316635376,0.05844155844155852,0.32254623209781913,0.0007265034621860567,0.16802253532855174,0.13586907683800908
94,C4_clean_025Cz_high_alpha_relpower,0.06020320858811647,-0.07662226547578471,0.9498636833906875,1.0999750479592323,-0.1368254740639012,-0.13437131748813286,0.13437131748813286,0.46266233766233766,0.5373376623376623,0.07467532467532467,331.0,0.6601241631054685,0.9992734965378139,0.03409449697542977,0.5611729084046975,0.9923758771492727,0.43882709159530253,0.28362390539119153,0.07467532467532467,0.18360217812961563,0.0007265034621860567,0.16219781649542242,0.13489151036953415
284,C3_laplacian_simple_alpha_relpower,-0.08043171704556464,0.10236763987617277,0.8994440700132709,1.1494373281974566,0.1827993569217374,0.17984798890525072,0.17984798890525072,0.547077922077922,0.547077922077922,0.0941558441558441,279.0,0.577523184728829,0.9992734965378139,0.0,0.6334433727506853,0.9928879052921483,0.3665566272493147,0.37962242530616813,0.0941558441558441,0.0,0.0007265034621860567,0.16589504465792287,0.1343695096747008
234,Cz_smooth_211_hjorth_complexity,-0.07693445209687792,0.09791657539602455,1.0291304730841884,1.0006518058843565,0.1748510274929025,0.17196727214258334,0.17196727214258334,0.5584415584415585,0.5584415584415585,0.11688311688311703,272.0,0.4877983877354033,0.9992734965378139,0.0,0.6723817339966621,0.9995317699180841,0.3276182660033379,0.36298670590300075,0.11688311688311703,0.0,0.0007265034621860567,0.16802708832135982,0.13413358482018195
58,C3_clean_025Cz_hjorth_complexity,-0.07260927574039974,0.09241180548778102,1.0208307256009062,1.0124916763385061,0.16502108122818077,0.16223217968591658,0.16223217968591658,0.5665584415584416,0.5665584415584416,0.1331168831168832,267.0,0.42863177651500073,0.9992734965378139,0.0,0.6587328497391538,0.9980954397098061,0.3412671502608462,0.342436510869956,0.1331168831168832,0.0,0.0007265034621860567,0.16651633824161233,0.1336094036362045
294,C4_laplacian_simple_high_alpha_relpower,-0.06403522289816513,0.08149937459766497,0.8976092027393967,1.1543932004537847,0.1455345974958301,0.14296775176590484,0.14296775176590484,0.5081168831168831,0.5081168831168831,0.016233766233766156,303.0,0.9299177282619497,0.9992734965378139,0.04676887814981101,0.5842314635784113,0.9493435078068523,0.41576853642158873,0.30177046144942254,0.016233766233766156,0.25185495193467805,0.0007265034621860567,0.16174512042227027,0.13339614389297946
203,C3_Cz_mean_mu_relpower,-0.05704938352139848,0.0726083062999615,0.9480176344734188,1.102529047063487,0.12965768982135997,0.12730200506419387,0.12730200506419387,0.5405844155844155,0.5405844155844155,0.081168831168831,283.0,0.6320596424729124,0.9992734965378139,0.036919172300104997,0.5959077178314439,0.9987609763114251,0.4040922821685561,0.2687010117763512,0.081168831168831,0.19881332914008787,0.0007265034621860567,0.16228976120504995,0.13327684483691657
208,C4_Cz_mean_logvar,0.052665384460207076,-0.06702867113117203,1.0569229771996782,0.9676227278003094,-0.1196940555913791,-0.11748329124270451,0.11748329124270451,0.4659090909090909,0.5340909090909092,0.06818181818181834,329.0,0.6886751834089413,0.9992734965378139,0.045023789904722555,0.5453655483695,0.999763027504951,0.4546344516305,0.24797429706835905,0.06818181818181834,0.24245748221815672,0.0007265034621860567,0.15921878712741205,0.1331690547816717
414,C3_clean_minus_C3_minus_C4_logvar_diff,0.056197633808244,-0.07152426121049257,1.0736691855746905,0.9430032128053047,-0.12772189501873657,-0.12539365198965463,0.12539365198965463,0.44642857142857145,0.5535714285714286,0.1071428571428572,341.0,0.525309380502573,0.9992734965378139,0.02837227475320736,0.5898755990069425,0.9667154525721595,0.41012440099305747,0.2646725931405492,0.1071428571428572,0.15278745561005924,0.0007265034621860567,0.1607655490674227,0.1323160467006749
325,C3_minus_C4_over_abs_sum_low_alpha_relpower,-0.07087728302936043,0.0902074511282765,1.001432904756022,1.037462213978416,0.1610847341576369,0.15833715016871108,0.15833715016871108,0.5584415584415584,0.5584415584415584,0.11688311688311681,272.0,0.4877983877354033,0.9992734965378139,0.0,0.5688886199837441,0.9469628378323273,0.43111138001625593,0.33421433767598463,0.11688311688311681,0.0,0.0007265034621860567,0.15795675944190413,0.1309988185731014
274,C4_smooth_532_hjorth_complexity,-0.07261939227319088,0.09242468107496613,1.034720811419585,0.9941959071261679,0.16504407334815702,0.1622549359582176,0.1622549359582176,0.5633116883116882,0.5633116883116882,0.12662337662337642,269.0,0.4517822980469377,0.9992734965378139,0.0,0.6759486240121424,0.9997233676022373,0.3240513759878576,0.3424845479929821,0.12662337662337642,0.0,0.0007265034621860567,0.1642604239619441,0.1309509416949259
405,C4clean_dominant_asym_70_30_low_alpha_relpower,-0.07307514873475719,0.09300473475332806,0.9618063754495991,1.0841554240765094,0.16607988348808525,0.16328018780750495,0.16328018780750495,0.5129870129870129,0.5129870129870129,0.02597402597402576,300.0,0.8834630812835508,0.9992734965378139,0.02861036999130273,0.6155392357223937,0.9841815795835082,0.38446076427760634,0.3446487930224596,0.02597402597402576,0.15406962159561705,0.0007265034621860567,0.1606045613141119,0.13094703863666626
72,C3_clean_075Cz_logvar,0.07108329271936908,-0.09046964527919697,0.9783962433269288,1.0653069610010113,-0.16155293799856607,-0.15880034238544047,0.15880034238544047,0.4642857142857143,0.5357142857142857,0.0714285714285714,330.0,0.67434105752498,0.9992734965378139,0.0,0.26952109479735753,0.9573817569706995,0.7304789052026425,0.33519210860460674,0.0714285714285714,0.0,0.0007265034621860567,0.14238988835783095,0.13087676477834811
210,C4_Cz_mean_hjorth_complexity,-0.0738720270837798,0.09401894356117553,1.032006503430237,0.9975379472061349,0.16789097064495534,0.16507313000277418,0.16507313000277418,0.5600649350649352,0.5600649350649352,0.12012987012987031,271.0,0.4756237400909963,0.9992734965378139,0.0,0.6767200071020214,0.9992182536404299,0.3232799928979786,0.3484335862290743,0.12012987012987031,0.0,0.0007265034621860567,0.1640698600718492,0.13076105300993437
3,C3_mu_relpower,-0.05122383993169165,0.06519397809488062,0.9546782895817303,1.0959870201897604,0.11641781802657226,0.11425663921356494,0.11425663921356494,0.5373376623376623,0.5373376623376623,0.07467532467532467,285.0,0.6601241631054685,0.9992734965378139,0.04571426609519902,0.6069173684882607,0.9988652706533145,0.3930826315117393,0.24116302857781907,0.07467532467532467,0.24617576357627374,0.0007265034621860567,0.15985122670007368,0.13074628094254495
329,C3clean_minus_C4clean_over_abs_sum_hjorth_mobility,0.07617052777835509,-0.09694430808154313,1.0618479762153583,0.9558769267365732,-0.17311483585989823,-0.17024694780225957,0.17024694780225957,0.44480519480519476,0.5551948051948052,0.11038961038961048,342.0,0.512643795603943,0.9992734965378139,0.0,0.6864394801006511,0.9886824054411709,0.31356051989934886,0.35935520462336606,0.11038961038961048,0.0,0.0007265034621860567,0.1644833356007604,0.13061097898825832
242,C4_smooth_421_hjorth_complexity,-0.07145049768967124,0.09093699705958437,1.036050545955215,0.9926708921649748,0.16238749474925562,0.1596260307850356,0.1596260307850356,0.5633116883116883,0.5633116883116883,0.12662337662337664,269.0,0.4517822980469377,0.9992734965378139,0.0,0.6767319197395925,0.9997233676022373,0.32326808026040754,0.3369350871868576,0.12662337662337664,0.0,0.0007265034621860567,0.1623181126798006,0.1293643582791079
291,C4_laplacian_simple_mu_relpower,-0.08430770843044659,0.1073007198205694,0.9177288129558754,1.1298457418615397,0.19160842825101598,0.18859211815690727,0.18859211815690727,0.5227272727272727,0.5227272727272727,0.045454545454545414,294.0,0.7918993208650358,0.9992734965378139,0.0,0.5699376902385156,0.987032745783613,0.4300623097614844,0.3980807565768318,0.045454545454545414,0.0,0.0007265034621860567,0.15531000605720063,0.1287548982202494
301,Cz_laplacian_simple_low_alpha_relpower,-0.06664524038022245,0.08482121502937329,1.0432692462782283,0.9839246980609946,0.15146645540959575,0.14882746336692257,0.14882746336692257,0.547077922077922,0.547077922077922,0.0941558441558441,279.0,0.577523184728829,0.9992734965378139,0.012015853396786014,0.5944783489303032,0.924157110438501,0.40552165106969684,0.31413996043202796,0.0941558441558441,0.06470653775375855,0.0007265034621860567,0.15591748950272552,0.12811061798404408
308,C3_laplacian_strong_alpha_relpower,-0.07782246087068082,0.09904676838086658,0.9567956494647171,1.0888445850146704,0.1768692292515474,0.17396751848670244,0.17396751848670244,0.5438311688311688,0.5438311688311688,0.08766233766233755,281.0,0.6045154428612253,0.9992734965378139,0.0,0.6530920583920127,0.9948895367074546,0.3469079416079873,0.367209105707497,0.08766233766233755,0.0,0.0007265034621860567,0.1592776555256607,0.12807076395472838
416,C4_clean_minus_C3_minus_C4_logvar_diff,0.06051598462961024,-0.07702034407404951,1.0277457660695046,1.0058849501309775,-0.13753632870365975,-0.13507268254194207,0.13507268254194207,0.4399350649350649,0.5600649350649352,0.12012987012987031,345.0,0.4756237400909963,0.9992734965378139,0.012372274753207568,0.5904005563496573,0.9641245960364723,0.40959944365034273,0.28510444486313774,0.12012987012987031,0.06662590138062387,0.0007265034621860567,0.15522984086989622,0.12773550554639956
281,C3_laplacian_simple_hjorth_mobility,-0.06515861731001497,0.08292914930365479,0.9495135899499669,1.0995078771961206,0.14808776661366976,0.14548939811046277,0.14548939811046277,0.5324675324675324,0.5324675324675324,0.06493506493506485,288.0,0.7031219883009681,0.9992734965378139,0.017220759601692226,0.4753335921933236,0.9661229480463853,0.5246664078066764,0.3070935053152815,0.06493506493506485,0.09273546326833086,0.0007265034621860567,0.148829742587506,0.12760660973670793
379,C3_dominant_asym_70_30_mu_relpower,-0.05914027627275371,0.07526944252895934,0.9398679086763685,1.111132663271934,0.13440971880171304,0.13198818845143115,0.13198818845143115,0.538961038961039,0.538961038961039,0.07792207792207795,284.0,0.6460289262026475,0.9992734965378139,0.029801567682500085,0.6288199332637711,0.9879942036598409,0.37118006673622894,0.2785932632364173,0.07792207792207795,0.16048433687487207,0.0007265034621860567,0.15694988712666635,0.12734192186204232
229,C3_smooth_421_low_alpha_relpower,-0.05379242490381575,0.06846308624121943,1.0092622783013547,1.0307967532304498,0.12225551114503518,0.12000663198840461,0.12000663198840461,0.5292207792207793,0.5292207792207793,0.05844155844155852,290.0,0.7323348187943389,0.9992734965378139,0.04463417951511239,0.6370935165535014,0.9998565075815417,0.36290648344649856,0.25330091771318447,0.05844155844155852,0.24035939242360999,0.0007265034621860567,0.15725439548510065,0.1271986687411713
258,C4_smooth_611_hjorth_complexity,-0.06739250442961778,0.08577227836496881,1.040241553685537,0.9878840383349615,0.1531647827945866,0.15050584885172158,0.15050584885172158,0.5665584415584416,0.5665584415584416,0.1331168831168832,267.0,0.42863177651500073,0.9992734965378139,0.0,0.677650247322582,0.9986716756447629,0.32234975267741806,0.3176829313084505,0.1331168831168832,0.0,0.0007265034621860567,0.1578525853950854,0.12576193233503882
21,C4_low_alpha_relpower,-0.04713990695147418,0.05999624521096685,0.9982515782103634,1.0454646123085742,0.10713615216244103,0.10512031913349473,0.10512031913349473,0.5275974025974026,0.5275974025974026,0.05519480519480524,291.0,0.7470911465242466,0.9992734965378139,0.053515853396785884,0.6361548470106835,0.9976635432330645,0.3638451529893165,0.2218768060416182,0.05519480519480524,0.28818806903635874,0.0007265034621860567,0.15468532808623858,0.12516418171918903
253,C3_smooth_611_low_alpha_relpower,-0.05382314141712975,0.06850217998543841,1.0153964170932048,1.023017083368246,0.12232532140256816,0.12007541161079482,0.12007541161079482,0.5357142857142858,0.5357142857142858,0.07142857142857162,286.0,0.67434105752498,0.9992734965378139,0.037800846181778924,0.6387647155319225,0.9979607419159403,0.3612352844680775,0.2534461073619433,0.07142857142857162,0.20356122863812076,0.0007265034621860567,0.15449103365052297,0.12488600730192026
87,C3_clean_100Cz_beta_relpower,-0.06966622149973159,0.08866610009056747,1.0050423169880693,1.0332145123763365,0.15833232159029906,0.15561472214701047,0.15561472214701047,0.551948051948052,0.551948051948052,0.10389610389610393,276.0,0.5381331716109485,0.9992734965378139,0.0,0.5908025891896683,0.9999999999999998,0.4091974108103317,0.3284674557579746,0.10389610389610393,0.0,0.0007265034621860567,0.1513998962251461,0.12456566101728707
343,C3_minus_Cz_beta_relpower,-0.06966622149973159,0.08866610009056747,1.0050423169880693,1.0332145123763365,0.15833232159029906,0.15561472214701047,0.15561472214701047,0.551948051948052,0.551948051948052,0.10389610389610393,276.0,0.5381331716109485,0.9992734965378139,0.0,0.5908025891896683,0.9999999999999998,0.4091974108103317,0.3284674557579746,0.10389610389610393,0.0,0.0007265034621860567,0.1513998962251461,0.12456566101728707
359,Cz_minus_C3_beta_relpower,-0.06966622149973159,0.08866610009056747,1.0050423169880693,1.0332145123763365,0.15833232159029906,0.15561472214701047,0.15561472214701047,0.551948051948052,0.551948051948052,0.10389610389610393,276.0,0.5381331716109485,0.9992734965378139,0.0,0.5908025891896683,0.9999999999999998,0.4091974108103317,0.3284674557579746,0.10389610389610393,0.0,0.0007265034621860567,0.1513998962251461,0.12456566101728707
305,C3_laplacian_strong_hjorth_mobility,-0.07107382544530537,0.09045759602129955,0.9897410904028606,1.051748682810119,0.16153142146660493,0.15877905559423788,0.15877905559423788,0.5405844155844155,0.5405844155844155,0.081168831168831,283.0,0.6320596424729124,0.9992734965378139,0.0,0.49661559658548987,0.9739402466257413,0.5033844034145101,0.335147173467854,0.081168831168831,0.0,0.0007265034621860567,0.14578325196905836,0.12406378097442233
15,Cz_beta_relpower,0.06496251440183412,-0.08267956378415321,1.039043652454673,0.9899959154864124,-0.14764207818598735,-0.1450491616831166,0.1450491616831166,0.4496753246753247,0.5503246753246753,0.10064935064935066,339.0,0.5511121866916194,0.9992734965378139,0.011158710539643124,0.695975269737239,0.9959920453157401,0.304024730262761,0.3061641926782537,0.10064935064935066,0.06009074020575285,0.0007265034621860567,0.1544755385520307,0.12222219216856425
73,C3_clean_075Cz_hjorth_mobility,-0.04536559435618174,0.057738029180595764,0.9732224801020609,1.075609685658086,0.1031036235367775,0.10115307031249848,0.10115307031249848,0.5227272727272727,0.5227272727272727,0.045454545454545414,294.0,0.7918993208650358,0.9992734965378139,0.04880878268971567,0.490947343886453,0.9200709323090349,0.509052656113547,0.21350218223819883,0.045454545454545414,0.26284003603704487,0.0007265034621860567,0.1432755122460881,0.12217329259173171
313,C4_laplacian_strong_hjorth_mobility,-0.06566355088492563,0.08357179203536304,0.9830118474979688,1.0608888249365447,0.14923534292028867,0.14662303594004944,0.14662303594004944,0.547077922077922,0.547077922077922,0.0941558441558441,279.0,0.577523184728829,0.9992734965378139,0.0,0.46022976602294496,0.9693145275446202,0.539770233977055,0.30948654663446173,0.0941558441558441,0.0,0.0007265034621860567,0.14134748712282563,0.12183179084488484
262,C4_smooth_611_high_alpha_relpower,0.059526457410470635,-0.07576094579514381,0.9523112865243869,1.0973625899533286,-0.13528740320561444,-0.1328539522012278,0.1328539522012278,0.46590909090909094,0.5340909090909091,0.06818181818181812,329.0,0.6886751834089413,0.9992734965378139,0.02042061530154804,0.5265749316501933,0.9982822677593729,0.4734250683498067,0.28042083847415195,0.06818181818181812,0.1099669970439245,0.0007265034621860567,0.14407697958459303,0.121316781881456
126,C3_clean_high_alpha_relpower,0.039011314018530495,-0.04965076329631164,0.9282752005578653,1.1262536301697064,-0.08866207731484213,-0.0869549937699951,0.0869549937699951,0.4561688311688311,0.5438311688311689,0.08766233766233777,335.0,0.6045154428612253,0.9992734965378139,0.04884008472101753,0.5985096273463133,0.9999999999999998,0.4014903726536867,0.1835308960546012,0.08766233766233777,0.263008600516264,0.0007265034621860567,0.14759200225040006,0.1210914319705451
70,C3_clean_050Cz_high_alpha_relpower,0.039011314018530495,-0.04965076329631164,0.9282752005578653,1.1262536301697064,-0.08866207731484213,-0.0869549937699951,0.0869549937699951,0.4561688311688311,0.5438311688311689,0.08766233766233777,335.0,0.6045154428612253,0.9992734965378139,0.04884008472101753,0.5985096273463133,0.9999999999999998,0.4014903726536867,0.1835308960546012,0.08766233766233777,0.263008600516264,0.0007265034621860567,0.14759200225040006,0.1210914319705451
278,C4_smooth_532_high_alpha_relpower,0.05886669990813872,-0.07492125442854057,0.9540445710623884,1.095533213802933,-0.13378795433667928,-0.13137491466991127,0.13137491466991127,0.47077922077922074,0.5292207792207793,0.05844155844155852,326.0,0.7323348187943389,0.9992734965378139,0.023158710539643357,0.5131850992996096,0.9997825666635572,0.48681490070039035,0.27729867914541,0.05844155844155852,0.12471190587783147,0.0007265034621860567,0.14252411467722387,0.12058173909425784
128,C4_clean_logvar,0.06901186869744595,-0.0878332874331142,1.0726506192357321,0.9419149835120968,-0.15684515613056016,-0.15414412590135537,0.15414412590135537,0.45779220779220775,0.5422077922077922,0.0844155844155845,334.0,0.6182204734175782,0.9992734965378139,0.0,0.5368925819820837,0.9999999999999998,0.46310741801791633,0.3253631154758872,0.0844155844155845,0.0,0.0007265034621860567,0.1434951953082337,0.1203827435349154
96,C4_clean_050Cz_logvar,0.06901186869744595,-0.0878332874331142,1.0726506192357321,0.9419149835120968,-0.15684515613056016,-0.15414412590135537,0.15414412590135537,0.45779220779220775,0.5422077922077922,0.0844155844155845,334.0,0.6182204734175782,0.9992734965378139,0.0,0.5368925819820837,0.9999999999999998,0.46310741801791633,0.3253631154758872,0.0844155844155845,0.0,0.0007265034621860567,0.1434951953082337,0.1203827435349154
18,C4_hjorth_complexity,-0.06563583152596471,0.08353651285122642,1.0410035606522443,0.9872101965824598,0.14917234437719112,0.14656079884475795,0.14656079884475795,0.5584415584415584,0.5584415584415584,0.11688311688311681,272.0,0.4877983877354033,0.9992734965378139,0.0,0.6787850740971362,0.9969184058494354,0.3212149259028638,0.3093551678671595,0.11688311688311681,0.0,0.0007265034621860567,0.1492560500088153,0.11886221631941143
197,C3_C4_mean_low_alpha_relpower,-0.05174787275534125,0.06586092896134375,1.0105846977139739,1.0294472212373567,0.117608801716685,0.1154294905277128,0.1154294905277128,0.538961038961039,0.538961038961039,0.07792207792207795,284.0,0.6460289262026475,0.9992734965378139,0.03169767157860459,0.6361008539004839,0.9960053588694605,0.3638991460995161,0.2436388472059201,0.07792207792207795,0.17069504054167545,0.0007265034621860567,0.14675798224935302,0.11875211890169536
10,Cz_hjorth_complexity,-0.07171304066715364,0.09127114266729,1.0242470101486176,1.0082403606366657,0.16298418333444364,0.16021642972633246,0.16021642972633246,0.5422077922077922,0.5422077922077922,0.0844155844155845,282.0,0.6182204734175782,0.9992734965378139,0.0,0.6644813727357786,0.9964145300888506,0.33551862726422144,0.3381813838650823,0.0844155844155845,0.0,0.0007265034621860567,0.14798158924445198,0.11848228637621931
267,C3_smooth_532_mu_relpower,-0.05207246771653692,0.06627404982104626,0.949198367629617,1.1019690973979859,0.11834651753758318,0.1161560358804458,0.1161560358804458,0.547077922077922,0.547077922077922,0.0941558441558441,279.0,0.577523184728829,0.9992734965378139,0.02352306840400109,0.595365592682085,0.9998912193731615,0.404634407317915,0.24517254077539316,0.0941558441558441,0.12667400837088025,0.0007265034621860567,0.1441723867463277,0.11842180320124225
306,C3_laplacian_strong_hjorth_complexity,0.06712593041896428,-0.0854330023514111,0.9318587716394499,1.1184070456262762,-0.15255893277037538,-0.14990707571301312,0.14990707571301312,0.45454545454545453,0.5454545454545454,0.09090909090909083,336.0,0.5909484336721458,0.9992734965378139,0.0,0.575702885992301,0.9778422331248883,0.424297114007699,0.3164189572028342,0.09090909090909083,0.0,0.0007265034621860567,0.14263746718539236,0.1180024267326136
289,C4_laplacian_simple_hjorth_mobility,-0.061261844131370743,0.07796961980356178,0.985888796189811,1.0582510384279504,0.13923146393493252,0.1367453945118727,0.1367453945118727,0.5357142857142857,0.5357142857142857,0.0714285714285714,286.0,0.67434105752498,0.9992734965378139,0.0042445691255017515,0.32495038373676643,0.9403725715310334,0.6750496162632336,0.28863543929068863,0.0714285714285714,0.022857417055469436,0.0007265034621860567,0.13066653750905352,0.11792849505751705
75,C3_clean_075Cz_mu_relpower,-0.07159195890963686,0.09111703861226589,1.017309798112285,1.0172563134359938,0.16270899752190277,0.15994413932565651,0.15994413932565651,0.5405844155844156,0.5405844155844156,0.08116883116883122,283.0,0.6320596424729124,0.9992734965378139,0.0,0.6724099172587438,0.9906339531151529,0.3275900827412562,0.33760659519569636,0.08116883116883122,0.0,0.0007265034621860567,0.14664404957380325,0.1170625756016808
93,C4_clean_025Cz_low_alpha_relpower,-0.04833382877006936,0.061515782070998,0.9962988431827232,1.0476919745235214,0.10984961084106735,0.10779056377312843,0.10779056377312843,0.5211038961038961,0.5211038961038961,0.04220779220779214,295.0,0.8069977320408938,0.9992734965378139,0.04396029784123057,0.6278434613035377,0.9945953759711859,0.37215653869646226,0.22751353197664884,0.04220779220779214,0.23673047414933546,0.0007265034621860567,0.14182120864064005,0.11510875308488286
354,Cz_minus_C3_hjorth_complexity,0.06427987973210705,-0.08181075602268244,0.9724798443990682,1.0735499729428548,-0.14609063575478948,-0.1435168651534885,0.1435168651534885,0.4529220779220779,0.547077922077922,0.0941558441558441,337.0,0.577523184728829,0.9992734965378139,0.0,0.6031863713355374,0.9999999999999998,0.39681362866446257,0.30292960680529146,0.0941558441558441,0.0,0.0007265034621860567,0.13905255818261605,0.11389017578408729
82,C3_clean_100Cz_hjorth_complexity,0.06427987973210705,-0.08181075602268244,0.9724798443990682,1.0735499729428548,-0.14609063575478948,-0.1435168651534885,0.1435168651534885,0.4529220779220779,0.547077922077922,0.0941558441558441,337.0,0.577523184728829,0.9992734965378139,0.0,0.6031863713355374,0.9999999999999998,0.39681362866446257,0.30292960680529146,0.0941558441558441,0.0,0.0007265034621860567,0.13905255818261605,0.11389017578408729
338,C3_minus_Cz_hjorth_complexity,0.06427987973210705,-0.08181075602268244,0.9724798443990682,1.0735499729428548,-0.14609063575478948,-0.1435168651534885,0.1435168651534885,0.4529220779220779,0.547077922077922,0.0941558441558441,337.0,0.577523184728829,0.9992734965378139,0.0,0.6031863713355374,0.9999999999999998,0.39681362866446257,0.30292960680529146,0.0941558441558441,0.0,0.0007265034621860567,0.13905255818261605,0.11389017578408729
237,Cz_smooth_211_low_alpha_relpower,-0.05344207055852659,0.06801718071085248,1.0016782741742019,1.0403192778625712,0.12145925126937906,0.11922215834936535,0.11922215834936535,0.5340909090909092,0.5340909090909092,0.06818181818181834,287.0,0.6886751834089413,0.9992734965378139,0.026324655705588285,0.6348363682007464,0.9984158770982696,0.3651636317992536,0.2516449410131893,0.06818181818181834,0.1417608281342681,0.0007265034621860567,0.14036418169132492,0.11363169549220778
27,ch3_mu_relpower,-0.06366882726027137,0.08103305287670949,0.9536991446196047,1.095106005949512,0.14470188013698088,0.1421454667355157,0.1421454667355157,0.5454545454545454,0.5454545454545454,0.09090909090909083,280.0,0.5909484336721458,0.9992734965378139,0.0,0.5732407828550427,0.9812714648398733,0.42675921714495735,0.30003466717500066,0.09090909090909083,0.0,0.0007265034621860567,0.13690296567565063,0.11335945670992453
227,C3_smooth_421_mu_relpower,-0.052483187468343274,0.06679678405061963,0.9499366871486998,1.1010917187276148,0.11927997151896291,0.11707542300656554,0.11707542300656554,0.5422077922077921,0.5422077922077921,0.08441558441558428,282.0,0.6182204734175782,0.9992734965378139,0.019832592213524958,0.5964877526270198,0.9998912193731615,0.4035122473729802,0.2471133117374288,0.08441558441558428,0.10680043559474565,0.0007265034621860567,0.1374678511187223,0.11286848424704057
330,C3clean_minus_C4clean_over_abs_sum_hjorth_complexity,-0.06281781393999947,0.07994994501454519,1.0558823982765713,0.9672474374109855,0.14276775895454466,0.140235859659498,0.140235859659498,0.5535714285714286,0.5535714285714286,0.1071428571428572,275.0,0.525309380502573,0.9992734965378139,0.0,0.6736923441321929,0.9857830790447794,0.3263076558678071,0.2960036014174513,0.1071428571428572,0.0,0.0007265034621860567,0.14117391084232658,0.11264157596462372
386,C4_dominant_asym_70_30_hjorth_complexity,-0.06883355923658675,0.08760634811929276,0.9952296699602448,1.0455226665392376,0.1564399073558795,0.15374343652586564,0.15374343652586564,0.538961038961039,0.538961038961039,0.07792207792207795,284.0,0.6460289262026475,0.9992734965378139,0.0,0.6741525367673309,0.9783628363528563,0.3258474632326691,0.32451728428829085,0.07792207792207795,0.0,0.0007265034621860567,0.1409264271198477,0.11242465461772719
59,C3_clean_025Cz_mu_relpower,-0.050272492738042844,0.06398317257569004,0.9618436728195146,1.0880367322582492,0.11425566531373288,0.11212771198492243,0.11212771198492243,0.5308441558441558,0.5308441558441558,0.06168831168831157,289.0,0.7176767975590095,0.9992734965378139,0.030071408952341727,0.6174379006547069,0.9972075093626909,0.38256209934529306,0.23666899116066004,0.06168831168831157,0.1619374583251721,0.0007265034621860567,0.1368851980083931,0.11152976522169127
261,C4_smooth_611_low_alpha_relpower,-0.04853341494008345,0.06176980083283396,1.00043248317104,1.0425871184315811,0.1103032157729174,0.10823700185144854,0.10823700185144854,0.5308441558441559,0.5308441558441559,0.06168831168831179,289.0,0.7176767975590095,0.9992734965378139,0.03327703665796933,0.6376218098955221,0.9980540540448777,0.3623781901044779,0.2284559359261227,0.06168831168831179,0.17920007491253565,0.0007265034621860567,0.13746315199377782,0.11116830086331306
395,C3clean_dominant_asym_70_30_mu_relpower,-0.0714534000349941,0.09094069095362987,0.9418171329596197,1.1068094880419226,0.16239409098862398,0.15963255726104936,0.15963255726104936,0.5292207792207793,0.5292207792207793,0.05844155844155852,290.0,0.7323348187943389,0.9992734965378139,0.0,0.6580355240422111,0.9886287893981908,0.3419644759577889,0.3369488641854386,0.05844155844155852,0.0,0.0007265034621860567,0.1384592982656676,0.11112595719783798
81,C3_clean_100Cz_hjorth_mobility,-0.060438207183796035,0.07692135459755765,1.0127155738186817,1.0253116612921813,0.1373595617813537,0.1348982706306652,0.1348982706306652,0.5454545454545454,0.5454545454545454,0.09090909090909083,280.0,0.5909484336721458,0.9992734965378139,0.0,0.5247559646315063,1.0,0.4752440353684937,0.2847362718017334,0.09090909090909083,0.0,0.0007265034621860567,0.1315485272950071,0.11083926499404344
337,C3_minus_Cz_hjorth_mobility,-0.060438207183796035,0.07692135459755765,1.0127155738186817,1.0253116612921813,0.1373595617813537,0.1348982706306652,0.1348982706306652,0.5454545454545454,0.5454545454545454,0.09090909090909083,280.0,0.5909484336721458,0.9992734965378139,0.0,0.5247559646315063,1.0,0.4752440353684937,0.2847362718017334,0.09090909090909083,0.0,0.0007265034621860567,0.1315485272950071,0.11083926499404344
353,Cz_minus_C3_hjorth_mobility,-0.060438207183796035,0.07692135459755765,1.0127155738186817,1.0253116612921813,0.1373595617813537,0.1348982706306652,0.1348982706306652,0.5454545454545454,0.5454545454545454,0.09090909090909083,280.0,0.5909484336721458,0.9992734965378139,0.0,0.5247559646315063,1.0,0.4752440353684937,0.2847362718017334,0.09090909090909083,0.0,0.0007265034621860567,0.1315485272950071,0.11083926499404344
327,C3_minus_C4_over_abs_sum_beta_relpower,-0.04172908861652968,0.05310974914830953,0.9449137731404594,1.108020841398986,0.0948388377648392,0.09302584424062808,0.09302584424062808,0.5097402597402598,0.5097402597402598,0.019480519480519654,302.0,0.9143983329428436,0.9992734965378139,0.04929290967384237,0.472455653208323,0.8742797155180867,0.5275443467916769,0.196346096500132,0.019480519480519654,0.2654471068743427,0.0007265034621860567,0.12870138731431524,0.11045967791059458
277,C4_smooth_532_low_alpha_relpower,-0.05123965126848384,0.06521410161443363,1.0010571873337377,1.0414231178064541,0.11645375288291747,0.11429202520144592,0.11429202520144592,0.5357142857142858,0.5357142857142858,0.07142857142857162,286.0,0.67434105752498,0.9992734965378139,0.024919893800826376,0.6372993095019981,0.9997924654736883,0.3627006904980019,0.2412377262713056,0.07142857142857162,0.13419604881948125,0.0007265034621860567,0.13634506430507187,0.11027727970438352
311,C3_laplacian_strong_beta_relpower,-0.06827846101272139,0.08689985947073707,0.9790590379881223,1.0650799739761927,0.15517832048345848,0.15249616431568222,0.15249616431568222,0.5275974025974026,0.5275974025974026,0.05519480519480524,291.0,0.7470911465242466,0.9992734965378139,0.0,0.5524197225490721,0.9699649726034555,0.4475802774509279,0.3218843676218433,0.05519480519480524,0.0,0.0007265034621860567,0.13205036083204558,0.11016619372404253
62,C3_clean_025Cz_high_alpha_relpower,0.05721618822246361,-0.072820603192226,0.9255700419328589,1.1267592966625881,-0.1300367914146896,-0.12767577399779603,0.12767577399779603,0.44805194805194803,0.551948051948052,0.10389610389610393,340.0,0.5381331716109485,0.9992734965378139,0.0,0.5537405388882684,0.9966412207212442,0.44625946111173165,0.26949001552921825,0.10389610389610393,0.0,0.0007265034621860567,0.13075779214508138,0.10903602505920411
150,C4_minus_C3_high_alpha_relpower,-0.06746978572031054,0.08587063637130538,0.6881822138648059,1.32599033649897,0.1533404220916159,0.15067944423719104,0.15067944423719104,0.4788961038961039,0.5211038961038961,0.04220779220779214,321.0,0.8069977320408938,0.9992734965378139,0.0,0.4569160349829811,1.0,0.5430839650170189,0.31804938073295397,0.04220779220779214,0.0,0.0007265034621860567,0.12616266087547975,0.10886893804444174
142,C3_minus_C4_high_alpha_relpower,-0.06746978572031054,0.08587063637130538,0.6881822138648059,1.32599033649897,0.1533404220916159,0.15067944423719104,0.15067944423719104,0.4788961038961039,0.5211038961038961,0.04220779220779214,321.0,0.8069977320408938,0.9992734965378139,0.0,0.4569160349829811,1.0,0.5430839650170189,0.31804938073295397,0.04220779220779214,0.0,0.0007265034621860567,0.12616266087547975,0.10886893804444174
174,C3clean075_minus_C4clean075_high_alpha_relpower,-0.0674697857203105,0.0858706363713054,0.688182213864806,1.32599033649897,0.1533404220916159,0.150679444237191,0.150679444237191,0.4788961038961039,0.5211038961038961,0.04220779220779214,321.0,0.8069977320408938,0.9992734965378139,0.0,0.45691603498298106,1.0,0.5430839650170189,0.3180493807329539,0.04220779220779214,0.0,0.0007265034621860567,0.12616266087547973,0.10886893804444173
374,C3_minus_Cz_minus_C4_minus_Cz_high_alpha_relpower,-0.06746978572031104,0.08587063637130471,0.688182213864806,1.32599033649897,0.15334042209161575,0.15067944423719087,0.15067944423719087,0.4788961038961039,0.5211038961038961,0.04220779220779214,321.0,0.8069977320408938,0.9992734965378139,0.0,0.4569160349829811,1.0,0.5430839650170189,0.31804938073295363,0.04220779220779214,0.0,0.0007265034621860567,0.12616266087547964,0.10886893804444166
182,C3clean100_minus_C4clean100_high_alpha_relpower,-0.06746978572031104,0.08587063637130471,0.688182213864806,1.32599033649897,0.15334042209161575,0.15067944423719087,0.15067944423719087,0.4788961038961039,0.5211038961038961,0.04220779220779214,321.0,0.8069977320408938,0.9992734965378139,0.0,0.4569160349829811,1.0,0.5430839650170189,0.31804938073295363,0.04220779220779214,0.0,0.0007265034621860567,0.12616266087547964,0.10886893804444166
158,C3clean025_minus_C4clean025_high_alpha_relpower,-0.06746978572031154,0.0858706363713042,0.6881822138648062,1.32599033649897,0.15334042209161575,0.15067944423719085,0.15067944423719085,0.4788961038961039,0.5211038961038961,0.04220779220779214,321.0,0.8069977320408938,0.9992734965378139,0.0,0.4569160349829811,1.0,0.5430839650170189,0.3180493807329536,0.04220779220779214,0.0,0.0007265034621860567,0.12616266087547962,0.10886893804444163
166,C3clean050_minus_C4clean050_high_alpha_relpower,-0.06746978572031102,0.08587063637130467,0.6881822138648062,1.32599033649897,0.1533404220916157,0.15067944423719082,0.15067944423719082,0.4788961038961039,0.5211038961038961,0.04220779220779214,321.0,0.8069977320408938,0.9992734965378139,0.0,0.4569160349829812,1.0,0.5430839650170187,0.3180493807329535,0.04220779220779214,0.0,0.0007265034621860567,0.1261626608754796,0.10886893804444159
190,C3clean_minus_C4clean_high_alpha_relpower,-0.06746978572031102,0.08587063637130467,0.6881822138648062,1.32599033649897,0.1533404220916157,0.15067944423719082,0.15067944423719082,0.4788961038961039,0.5211038961038961,0.04220779220779214,321.0,0.8069977320408938,0.9992734965378139,0.0,0.4569160349829812,1.0,0.5430839650170187,0.3180493807329535,0.04220779220779214,0.0,0.0007265034621860567,0.1261626608754796,0.10886893804444159
275,C4_smooth_532_mu_relpower,-0.04844597889639845,0.06165851859541545,0.9446297851882268,1.107503799772451,0.11010449749181389,0.1080414212390798,0.1080414212390798,0.5438311688311689,0.5438311688311689,0.08766233766233777,281.0,0.6045154428612253,0.9992734965378139,0.02021354459447755,0.593846463083256,0.9998520281726974,0.40615353691674405,0.2280430770090913,0.08766233766233777,0.10885190117163814,0.0007265034621860567,0.1323399257155464,0.10876304667228297
8,Cz_logvar,0.06090322489867417,-0.07751319532558483,1.0634954706715078,0.9568387729511428,-0.13841642022425898,-0.13594109582798156,0.13594109582798156,0.46266233766233766,0.5373376623376623,0.07467532467532467,331.0,0.6601241631054685,0.9992734965378139,0.002365059745992326,0.5413925223970596,0.998969371218921,0.4586074776029404,0.2869376131126265,0.07467532467532467,0.012736076472510944,0.0007265034621860567,0.1291843938665037,0.1082025544115872
307,C3_laplacian_strong_mu_relpower,-0.06511469627737913,0.08287324980757313,0.9766745573643347,1.0684895997084345,0.14798794608495225,0.1453907967881339,0.1453907967881339,0.5373376623376623,0.5373376623376623,0.07467532467532467,285.0,0.6601241631054685,0.9992734965378139,0.0,0.6466016192599707,0.9948895367074546,0.35339838074002927,0.30688536385043214,0.07467532467532467,0.0,0.0007265034621860567,0.1336188913302335,0.10769943388087819
171,C3clean075_minus_C4clean075_mu_relpower,-0.0617278849908539,0.07856276271563248,0.778390781376301,1.2611112769634651,0.1402906477064864,0.13779071602447646,0.13779071602447646,0.5016233766233766,0.5016233766233766,0.0032467532467532756,307.0,0.992203165194386,0.9992734965378139,0.021150330031262987,0.4862810700018281,1.0,0.5137189299981719,0.2908420501731085,0.0032467532467532756,0.11389658174744656,0.0007265034621860567,0.12578304789265954,0.10743327335745943
147,C4_minus_C3_mu_relpower,-0.06172788499085402,0.07856276271563235,0.7783907813763011,1.2611112769634651,0.14029064770648636,0.1377907160244764,0.1377907160244764,0.5016233766233766,0.5016233766233766,0.0032467532467532756,307.0,0.992203165194386,0.9992734965378139,0.021150330031262987,0.4862810700018281,1.0,0.5137189299981719,0.2908420501731084,0.0032467532467532756,0.11389658174744656,0.0007265034621860567,0.1257830478926595,0.1074332733574594
139,C3_minus_C4_mu_relpower,-0.06172788499085402,0.07856276271563235,0.7783907813763011,1.2611112769634651,0.14029064770648636,0.1377907160244764,0.1377907160244764,0.5016233766233766,0.5016233766233766,0.0032467532467532756,307.0,0.992203165194386,0.9992734965378139,0.021150330031262987,0.4862810700018281,1.0,0.5137189299981719,0.2908420501731084,0.0032467532467532756,0.11389658174744656,0.0007265034621860567,0.1257830478926595,0.1074332733574594
371,C3_minus_Cz_minus_C4_minus_Cz_mu_relpower,-0.06172788499085387,0.0785627627156324,0.7783907813763009,1.2611112769634654,0.14029064770648625,0.13779071602447632,0.13779071602447632,0.5016233766233766,0.5016233766233766,0.0032467532467532756,307.0,0.992203165194386,0.9992734965378139,0.021150330031262987,0.4862810700018282,1.0,0.5137189299981718,0.2908420501731082,0.0032467532467532756,0.11389658174744656,0.0007265034621860567,0.12578304789265946,0.10743327335745936
155,C3clean025_minus_C4clean025_mu_relpower,-0.06172788499085387,0.07856276271563244,0.7783907813763011,1.2611112769634651,0.1402906477064863,0.13779071602447635,0.13779071602447635,0.5016233766233766,0.5016233766233766,0.0032467532467532756,307.0,0.992203165194386,0.9992734965378139,0.021150330031262987,0.4862810700018281,0.9999999999999998,0.5137189299981719,0.29084205017310827,0.0032467532467532756,0.11389658174744656,0.0007265034621860567,0.12578304789265946,0.10743327335745936
163,C3clean050_minus_C4clean050_mu_relpower,-0.0617278849908539,0.07856276271563235,0.778390781376301,1.261111276963465,0.14029064770648625,0.13779071602447632,0.13779071602447632,0.5016233766233766,0.5016233766233766,0.0032467532467532756,307.0,0.992203165194386,0.9992734965378139,0.021150330031262987,0.4862810700018281,1.0,0.5137189299981719,0.2908420501731082,0.0032467532467532756,0.11389658174744656,0.0007265034621860567,0.12578304789265946,0.10743327335745936
187,C3clean_minus_C4clean_mu_relpower,-0.0617278849908539,0.07856276271563235,0.778390781376301,1.261111276963465,0.14029064770648625,0.13779071602447632,0.13779071602447632,0.5016233766233766,0.5016233766233766,0.0032467532467532756,307.0,0.992203165194386,0.9992734965378139,0.021150330031262987,0.4862810700018281,1.0,0.5137189299981719,0.2908420501731082,0.0032467532467532756,0.11389658174744656,0.0007265034621860567,0.12578304789265946,0.10743327335745936
179,C3clean100_minus_C4clean100_mu_relpower,-0.06172788499085387,0.0785627627156324,0.7783907813763009,1.2611112769634654,0.14029064770648625,0.13779071602447632,0.13779071602447632,0.5016233766233766,0.5016233766233766,0.0032467532467532756,307.0,0.992203165194386,0.9992734965378139,0.021150330031262987,0.4862810700018282,1.0,0.5137189299981718,0.2908420501731082,0.0032467532467532756,0.11389658174744656,0.0007265034621860567,0.12578304789265946,0.10743327335745936
358,Cz_minus_C3_high_alpha_relpower,-0.06637295283709102,0.08447466724720701,0.9758389985754637,1.0692362887314204,0.15084762008429803,0.14821597442771198,0.14821597442771198,0.5324675324675325,0.5324675324675325,0.06493506493506507,288.0,0.7031219883009681,0.9992734965378139,0.0,0.645691730757235,1.0,0.35430826924276504,0.3128491440358548,0.06493506493506507,0.0,0.0007265034621860567,0.13229712348604056,0.106670175894669
342,C3_minus_Cz_high_alpha_relpower,-0.06637295283709102,0.08447466724720701,0.9758389985754637,1.0692362887314204,0.15084762008429803,0.14821597442771198,0.14821597442771198,0.5324675324675325,0.5324675324675325,0.06493506493506507,288.0,0.7031219883009681,0.9992734965378139,0.0,0.645691730757235,1.0,0.35430826924276504,0.3128491440358548,0.06493506493506507,0.0,0.0007265034621860567,0.13229712348604056,0.106670175894669
86,C3_clean_100Cz_high_alpha_relpower,-0.06637295283709102,0.08447466724720701,0.9758389985754637,1.0692362887314204,0.15084762008429803,0.14821597442771198,0.14821597442771198,0.5324675324675325,0.5324675324675325,0.06493506493506507,288.0,0.7031219883009681,0.9992734965378139,0.0,0.645691730757235,1.0,0.35430826924276504,0.3128491440358548,0.06493506493506507,0.0,0.0007265034621860567,0.13229712348604056,0.106670175894669
219,C3_Cz_C4_mean_mu_relpower,-0.05119587109979789,0.06515838139974182,0.9467554641998445,1.104791910000385,0.1163542524995397,0.1141940448543145,0.1141940448543145,0.5503246753246753,0.5503246753246753,0.10064935064935066,277.0,0.5511121866916194,0.9992734965378139,0.008015131896065064,0.5937672675595566,0.9993644984290834,0.40623273244044344,0.24103089564777339,0.10064935064935066,0.043162263844931006,0.0007265034621860567,0.12829318931919823,0.10544030037862986
394,C3clean_dominant_asym_70_30_hjorth_complexity,-0.05595379371047948,0.07121391926788331,1.0393163865939359,0.9912941196245457,0.1271677129783628,0.12484739071214093,0.12484739071214093,0.5535714285714286,0.5535714285714286,0.1071428571428572,275.0,0.525309380502573,0.9992734965378139,0.0,0.6264996898507785,0.9906387329662626,0.37350031014922147,0.26351946841760737,0.1071428571428572,0.0,0.0007265034621860567,0.1298044642923812,0.10540772730625422
192,C3_C4_mean_logvar,0.050115880314683725,-0.06378384767323438,1.0548268169407544,0.9709681286832351,-0.1138997279879181,-0.1117772818803078,0.1117772818803078,0.4788961038961039,0.5211038961038961,0.04220779220779214,321.0,0.8069977320408938,0.9992734965378139,0.025936488317421125,0.5330588534738087,0.9989133392940971,0.46694114652619134,0.23592925427296885,0.04220779220779214,0.13967050904266415,0.0007265034621860567,0.1253547184230178,0.10530828567898598
319,C4_laplacian_strong_beta_relpower,-0.07325327729175941,0.09323144382587595,0.8690186733832408,1.1805628456488932,0.16648472111763535,0.16368093445198484,0.16368093445198484,0.4967532467532468,0.5032467532467533,0.006493506493506551,310.0,0.9766124733685598,0.9992734965378139,0.0,0.48997332654093584,0.9853643212523413,0.5100266734590642,0.34549474510145195,0.006493506493506551,0.0,0.0007265034621860567,0.12326853840445406,0.10514904965849323
211,C4_Cz_mean_mu_relpower,-0.054768867555256714,0.06970583143396375,0.9402158472619369,1.1114331559398607,0.12447469898922046,0.12219327161317493,0.12219327161317493,0.5535714285714286,0.5535714285714286,0.1071428571428572,275.0,0.525309380502573,0.9992734965378139,0.0,0.5939430640319276,0.9986107825382617,0.40605693596807235,0.25791678252967537,0.1071428571428572,0.0,0.0007265034621860567,0.127843524231605,0.10506399188197717
295,C4_laplacian_simple_beta_relpower,-0.06902888547248108,0.08785494514679422,0.8239067709730296,1.2221871424928779,0.1568838306192753,0.15418236625791532,0.15418236625791532,0.4951298701298701,0.5048701298701299,0.009740259740259827,311.0,0.9610307114875252,0.9992734965378139,0.0,0.3543931666602321,0.942388310800448,0.645606833339768,0.32544383857008874,0.009740259740259827,0.0,0.0007265034621860567,0.1173870847548406,0.10490673054745629
84,C3_clean_100Cz_alpha_relpower,-0.06277370814778038,0.07989381036990309,0.9997001323097575,1.0411858827379143,0.14266751851768347,0.14013690044812913,0.14013690044812913,0.5357142857142857,0.5357142857142857,0.0714285714285714,286.0,0.67434105752498,0.9992734965378139,0.0,0.6604332160562926,0.9999999999999998,0.33956678394370743,0.29579470447035,0.0714285714285714,0.0,0.0007265034621860567,0.1286007969108411,0.1031211255434724
340,C3_minus_Cz_alpha_relpower,-0.06277370814778038,0.07989381036990309,0.9997001323097575,1.0411858827379143,0.14266751851768347,0.14013690044812913,0.14013690044812913,0.5357142857142857,0.5357142857142857,0.0714285714285714,286.0,0.67434105752498,0.9992734965378139,0.0,0.6604332160562926,0.9999999999999998,0.33956678394370743,0.29579470447035,0.0714285714285714,0.0,0.0007265034621860567,0.1286007969108411,0.1031211255434724
356,Cz_minus_C3_alpha_relpower,-0.06277370814778038,0.07989381036990309,0.9997001323097575,1.0411858827379143,0.14266751851768347,0.14013690044812913,0.14013690044812913,0.5357142857142857,0.5357142857142857,0.0714285714285714,286.0,0.67434105752498,0.9992734965378139,0.0,0.6604332160562926,0.9999999999999998,0.33956678394370743,0.29579470447035,0.0714285714285714,0.0,0.0007265034621860567,0.1286007969108411,0.1031211255434724
39,ch4_beta_relpower,0.05637587457669947,-0.07175111309761707,1.01342995302803,1.0251053634723382,-0.12812698767431654,-0.1257929729217115,0.1257929729217115,0.4594155844155844,0.5405844155844156,0.08116883116883122,333.0,0.6320596424729124,0.9992734965378139,0.0050627509436838025,0.6646322230893055,0.9707352693749803,0.3353677769106945,0.2655155356263112,0.08116883116883122,0.02726340562402142,0.0007265034621860567,0.12686485984932275,0.10156931769925218
23,C4_beta_relpower,0.03692178056428661,-0.046991357081818924,1.0335923344518667,1.0016366534839618,-0.08391313764610553,-0.08228916500900608,0.08228916500900608,0.4902597402597403,0.5097402597402597,0.01948051948051943,314.0,0.9143983329428436,0.9992734965378139,0.05653172641265902,0.7034331790218087,0.9993901286063767,0.2965668209781913,0.1736816119870985,0.01948051948051943,0.3044288381867492,0.0007265034621860567,0.12856516399723472,0.10143406339062422
212,C4_Cz_mean_alpha_relpower,-0.010502496891046875,0.013366814224968538,0.9537231580718797,1.1005217047081366,0.023869311116015413,0.02338869486607651,0.02338869486607651,0.5178571428571428,0.5178571428571428,0.03571428571428559,297.0,0.8374058575385208,0.9992734965378139,0.08666664704757987,0.5928910476544202,0.9987463183265821,0.40710895234557976,0.049346259820379566,0.03571428571428559,0.4667083130920928,0.0007265034621860567,0.12318550390176998,0.10127482916252256
322,C3_minus_C4_over_abs_sum_hjorth_complexity,-0.05175481552141472,0.06586976520907276,1.0166272766815625,1.0217680426115754,0.11762458073048748,0.11544503012583551,0.11544503012583551,0.5324675324675325,0.5324675324675325,0.06493506493506507,288.0,0.7031219883009681,0.9992734965378139,0.01652234690327936,0.6626886099628277,0.9903399323491912,0.33731139003717225,0.24367165036352526,0.06493506493506507,0.08897444304402917,0.0007265034621860567,0.12587988930953106,0.10085413864888873
409,C3_minus_C4_corr,0.04657987755141072,-0.05928348051997643,0.9041598766732256,1.1503476059955353,-0.10586335807138715,-0.10386799447103935,0.10386799447103935,0.4448051948051948,0.5551948051948052,0.11038961038961048,342.0,0.512643795603943,0.9992734965378139,0.0,0.42690118286370776,0.9632687926006834,0.5730988171362923,0.21923322395211006,0.11038961038961048,0.0,0.0007265034621860567,0.11544064236582079,0.10065611833286624
16,C4_logvar,0.05332896350985395,-0.06787322628526858,1.056484392045822,0.9681282690601938,-0.12120218979512254,-0.11896891393498511,0.11896891393498511,0.46915584415584416,0.5308441558441559,0.06168831168831179,327.0,0.7176767975590095,0.9992734965378139,0.00760315498408759,0.5461069089250786,0.9976534485604309,0.4538930910749214,0.2511103572760848,0.06168831168831179,0.04094372815476707,0.0007265034621860567,0.11774093011471082,0.09845118949503828
122,C3_clean_hjorth_complexity,-0.056902265859697244,0.07242106563961331,1.0180006118941929,1.019177357956591,0.12932333149931055,0.12697236133636897,0.12697236133636897,0.538961038961039,0.538961038961039,0.07792207792207795,284.0,0.6460289262026475,0.9992734965378139,0.0,0.6404456126217799,0.9999999999999998,0.3595543873782201,0.26800515368066535,0.07792207792207795,0.0,0.0007265034621860567,0.12114718140717876,0.097870727163062
66,C3_clean_050Cz_hjorth_complexity,-0.056902265859697244,0.07242106563961331,1.0180006118941929,1.019177357956591,0.12932333149931055,0.12697236133636897,0.12697236133636897,0.538961038961039,0.538961038961039,0.07792207792207795,284.0,0.6460289262026475,0.9992734965378139,0.0,0.6404456126217799,0.9999999999999998,0.3595543873782201,0.26800515368066535,0.07792207792207795,0.0,0.0007265034621860567,0.12114718140717876,0.097870727163062
240,C4_smooth_421_logvar,0.052244807647541476,-0.06649339155141769,1.0534724624836527,0.9725173297200259,-0.11873819919895917,-0.1165418058153337,0.1165418058153337,0.4626623376623376,0.5373376623376624,0.0746753246753249,331.0,0.6601241631054685,0.9992734965378139,0.0032618851428178885,0.5434655675122928,0.999766931686564,0.4565344324877072,0.2459868779206354,0.0746753246753249,0.017565568351443545,0.0007265034621860567,0.1158175349250934,0.09693468222131119
298,Cz_laplacian_simple_hjorth_complexity,0.0618859453398829,-0.07876393043257773,1.0100402868856493,1.0284381059867886,-0.14064987577246063,-0.13814526878636865,0.13814526878636865,0.47564935064935066,0.5243506493506493,0.04870129870129869,323.0,0.7768785634196818,0.9992734965378139,0.0,0.6271447801115786,0.9421532390418049,0.3728552198884214,0.2915904897425139,0.04870129870129869,0.0,0.0007265034621860567,0.119174776301553,0.09675282463800779
321,C3_minus_C4_over_abs_sum_hjorth_mobility,0.05632290123687523,-0.07168369248329493,1.025170125102324,1.0099937792721196,-0.12800659372017015,-0.1256742927254091,0.1256742927254091,0.45941558441558444,0.5405844155844155,0.081168831168831,333.0,0.6320596424729124,0.9992734965378139,0.0,0.6806642318766092,0.9903399323491912,0.3193357681233908,0.2652650088653759,0.081168831168831,0.0,0.0007265034621860567,0.12132449435819102,0.09655012123015018
88,C4_clean_025Cz_logvar,0.056815873130061485,-0.0723111112564419,1.0604909635373803,0.9618749001113369,-0.12912698438650339,-0.12677878773363263,0.12677878773363263,0.4691558441558441,0.5308441558441559,0.06168831168831179,327.0,0.7176767975590095,0.9992734965378139,0.0,0.5440735827905783,0.997131591119659,0.45592641720942173,0.2675965314403335,0.06168831168831179,0.0,0.0007265034621860567,0.11532234544124446,0.09649919294323528
351,C4_minus_Cz_beta_relpower,-0.06595581174240271,0.08394376039942085,0.9107662706459791,1.140734948221142,0.14989957214182356,0.14727926329067234,0.14727926329067234,0.5081168831168831,0.5081168831168831,0.016233766233766156,303.0,0.9299177282619497,0.9992734965378139,0.0,0.5348526758659571,1.0,0.4651473241340429,0.310871803128054,0.016233766233766156,0.0,0.0007265034621860567,0.11455959962285565,0.09617784710153053
367,Cz_minus_C4_beta_relpower,-0.06595581174240271,0.08394376039942085,0.9107662706459791,1.140734948221142,0.14989957214182356,0.14727926329067234,0.14727926329067234,0.5081168831168831,0.5081168831168831,0.016233766233766156,303.0,0.9299177282619497,0.9992734965378139,0.0,0.5348526758659571,1.0,0.4651473241340429,0.310871803128054,0.016233766233766156,0.0,0.0007265034621860567,0.11455959962285565,0.09617784710153053
119,C4_clean_100Cz_beta_relpower,-0.06595581174240271,0.08394376039942085,0.9107662706459791,1.140734948221142,0.14989957214182356,0.14727926329067234,0.14727926329067234,0.5081168831168831,0.5081168831168831,0.016233766233766156,303.0,0.9299177282619497,0.9992734965378139,0.0,0.5348526758659571,1.0,0.4651473241340429,0.310871803128054,0.016233766233766156,0.0,0.0007265034621860567,0.11455959962285565,0.09617784710153053
22,C4_high_alpha_relpower,0.05684151215142848,-0.07234374273818199,0.9502160413855741,1.10012573805449,-0.12918525488961047,-0.12683623475372094,0.12683623475372094,0.4707792207792208,0.5292207792207793,0.05844155844155852,326.0,0.7323348187943389,0.9992734965378139,0.0,0.537809853111423,0.997103093551902,0.46219014688857696,0.26771779864679685,0.05844155844155852,0.0,0.0007265034621860567,0.11422842532714297,0.09579847353324099
272,C4_smooth_532_logvar,0.051682810880498906,-0.06577812293881727,1.0541252604609286,0.9716985211859644,-0.11746093381931617,-0.11528386727557764,0.11528386727557764,0.46428571428571425,0.5357142857142858,0.07142857142857162,330.0,0.67434105752498,0.9992734965378139,0.003746012126944809,0.5413640790906625,0.999766931686564,0.45863592090933747,0.24333144527357642,0.07142857142857162,0.020172639188742618,0.0007265034621860567,0.11427318402971892,0.09571416491861694
213,C4_Cz_mean_low_alpha_relpower,-0.05104275935019927,0.06496351190025323,0.9982504021592381,1.0449105632421918,0.11600627125045251,0.11385138621738139,0.11385138621738139,0.5324675324675325,0.5324675324675325,0.06493506493506507,288.0,0.7031219883009681,0.9992734965378139,0.010610369991302715,0.6379000197963111,0.9976340637716651,0.36209998020368894,0.2403075638612416,0.06493506493506507,0.0571378730875009,0.0007265034621860567,0.11833514504242612,0.09568934763287722
50,ch6_hjorth_complexity,-0.05074029669929377,0.064578559435465,1.078860805995475,0.9362988429992145,0.11531885613475878,0.11317451570757818,0.11317451570757818,0.5470779220779222,0.5470779220779222,0.09415584415584433,279.0,0.577523184728829,0.9992734965378139,0.0,0.6102461739178943,0.9099919922219848,0.38975382608210574,0.23887873089940911,0.09415584415584433,0.0,0.0007265034621860567,0.11663475161555731,0.09528197833977997
243,C4_smooth_421_mu_relpower,-0.0473558738333774,0.060271112151571396,0.9437266906174968,1.1086359839501965,0.1076269859849488,0.10560329297012244,0.10560329297012244,0.538961038961039,0.538961038961039,0.07792207792207795,284.0,0.6460289262026475,0.9992734965378139,0.009657989038922121,0.5941268117245114,0.9998520281726974,0.4058731882754886,0.22289633478084042,0.07792207792207795,0.052009209145274474,0.0007265034621860567,0.11576093662129493,0.09512793376217896
246,C4_smooth_421_high_alpha_relpower,0.0576369899288784,-0.07335616900039031,0.9543099312087332,1.0954341942289696,-0.13099315892926872,-0.12861874956712763,0.12861874956712763,0.4756493506493506,0.5243506493506493,0.04870129870129869,323.0,0.7768785634196818,0.9992734965378139,0.0,0.5149198915097216,0.9997825666635572,0.4850801084902784,0.2714805802770538,0.04870129870129869,0.0,0.0007265034621860567,0.11213630798864196,0.09481394332549828
83,C3_clean_100Cz_mu_relpower,-0.05682197197202025,0.07231887341893463,1.0156186789626387,1.0222416968304804,0.12914084539095488,0.12679245282426616,0.12679245282426616,0.5340909090909091,0.5340909090909091,0.06818181818181812,287.0,0.6886751834089413,0.9992734965378139,0.0,0.65180867225245,0.9999999999999998,0.34819132774755,0.26762537762529925,0.06818181818181812,0.0,0.0007265034621860567,0.11760516887870967,0.0946083481856526
339,C3_minus_Cz_mu_relpower,-0.05682197197202025,0.07231887341893463,1.0156186789626387,1.0222416968304804,0.12914084539095488,0.12679245282426616,0.12679245282426616,0.5340909090909091,0.5340909090909091,0.06818181818181812,287.0,0.6886751834089413,0.9992734965378139,0.0,0.65180867225245,0.9999999999999998,0.34819132774755,0.26762537762529925,0.06818181818181812,0.0,0.0007265034621860567,0.11760516887870967,0.0946083481856526
355,Cz_minus_C3_mu_relpower,-0.05682197197202025,0.07231887341893463,1.0156186789626387,1.0222416968304804,0.12914084539095488,0.12679245282426616,0.12679245282426616,0.5340909090909091,0.5340909090909091,0.06818181818181812,287.0,0.6886751834089413,0.9992734965378139,0.0,0.65180867225245,0.9999999999999998,0.34819132774755,0.26762537762529925,0.06818181818181812,0.0,0.0007265034621860567,0.11760516887870967,0.0946083481856526
77,C3_clean_075Cz_low_alpha_relpower,-0.05436062814928307,0.06918625400817849,1.0556418785930923,0.9691354920500524,0.12354688215746157,0.12127900875718296,0.12127900875718296,0.538961038961039,0.538961038961039,0.07792207792207795,284.0,0.6460289262026475,0.9992734965378139,0.0,0.6423508305327768,0.9604362722161094,0.35764916946722325,0.25598682859387717,0.07792207792207795,0.0,0.0007265034621860567,0.11694076762680289,0.0944056678643377
238,Cz_smooth_211_high_alpha_relpower,0.0565978196098313,-0.07203358859433041,0.9556188821185815,1.0941304811428192,-0.12863140820416172,-0.12629022802271073,0.12629022802271073,0.47564935064935066,0.5243506493506493,0.04870129870129869,323.0,0.7768785634196818,0.9992734965378139,0.0,0.5006231683655539,0.9991265363647959,0.49937683163444613,0.26656521125622396,0.04870129870129869,0.0,0.0007265034621860567,0.11041592883135153,0.0938328971924785
248,C3_smooth_611_logvar,0.041793743711391315,-0.05319203745086298,1.0657514515444861,0.9567190724727811,-0.0949857811622543,-0.09317029947313889,0.09317029947313889,0.4772727272727273,0.5227272727272727,0.045454545454545414,322.0,0.7918993208650358,0.9992734965378139,0.023539662920595505,0.5039505340032105,0.9975100306693552,0.49604946599678945,0.1966510328132543,0.045454545454545414,0.12676337145472155,0.0007265034621860567,0.1101622770308928,0.09350737552987438
410,C3_clean_minus_C4_clean_logvar_diff,-0.0543084965399858,0.06911990468725464,1.0338762267622925,0.9988566960384551,0.12342840122724044,0.12116226426222927,0.12116226426222927,0.525974025974026,0.525974025974026,0.051948051948051965,292.0,0.7619407670310702,0.9992734965378139,0.0,0.44695626179965936,0.9769632056827905,0.5530437382003406,0.2557403879821406,0.051948051948051965,0.0,0.0007265034621860567,0.107763604321786,0.09331391899806907
205,C3_Cz_mean_low_alpha_relpower,-0.05291078446340702,0.06734099840797217,1.0061513530356085,1.0348372779047792,0.12025178287137919,0.11803267016278034,0.11803267016278034,0.5373376623376623,0.5373376623376623,0.07467532467532467,285.0,0.6601241631054685,0.9992734965378139,0.000769100150032731,0.6359157651750358,0.9984158770982696,0.3640842348249642,0.2491340029473587,0.07467532467532467,0.004141679017807056,0.0007265034621860567,0.1142342508177192,0.09244124251233514
214,C4_Cz_mean_high_alpha_relpower,0.0497084781987102,-0.0632653358892675,0.95791420561635,1.0925629313427045,-0.1129738140879777,-0.11086574339852535,0.11086574339852535,0.49350649350649345,0.5064935064935066,0.012987012987013102,312.0,0.9454638214829427,0.9992734965378139,0.02021426609519872,0.5038741474757589,0.9982960049496128,0.49612585252424113,0.23400505132737415,0.012987012987013102,0.10885578652310773,0.0007265034621860567,0.10829103016087568,0.0919215150104008
69,C3_clean_050Cz_low_alpha_relpower,-0.053074859253734875,0.06754982086839043,1.0533314055894873,0.972577571596156,0.1206246801221253,0.11840000092777124,0.11840000092777124,0.5357142857142857,0.5357142857142857,0.0714285714285714,286.0,0.67434105752498,0.9992734965378139,0.0,0.6422210534180472,0.9999999999999998,0.35777894658195275,0.2499094161132636,0.0714285714285714,0.0,0.0007265034621860567,0.11254094598586085,0.09085809652074991
125,C3_clean_low_alpha_relpower,-0.053074859253734875,0.06754982086839043,1.0533314055894873,0.972577571596156,0.1206246801221253,0.11840000092777124,0.11840000092777124,0.5357142857142857,0.5357142857142857,0.0714285714285714,286.0,0.67434105752498,0.9992734965378139,0.0,0.6422210534180472,0.9999999999999998,0.35777894658195275,0.2499094161132636,0.0714285714285714,0.0,0.0007265034621860567,0.11254094598586085,0.09085809652074991
269,C3_smooth_532_low_alpha_relpower,-0.05379000961063158,0.06846001223171332,1.007580115694477,1.0329108002456762,0.1222500218423449,0.12000122374483146,0.12000122374483146,0.5324675324675325,0.5324675324675325,0.06493506493506507,288.0,0.7031219883009681,0.9992734965378139,0.0,0.6364485745268968,0.9998565075815417,0.36355142547310315,0.2532895012360725,0.06493506493506507,0.0,0.0007265034621860567,0.11145124850611676,0.09017135203382846
123,C3_clean_mu_relpower,-0.053453989929042725,0.06803235081878238,0.9799015125595404,1.0666498881942148,0.1214863407478251,0.11924884592243519,0.11924884592243519,0.5324675324675325,0.5324675324675325,0.06493506493506507,288.0,0.7031219883009681,0.9992734965378139,0.0,0.6383705326406731,0.9999999999999998,0.3616294673593269,0.2517012768758414,0.06493506493506507,0.0,0.0007265034621860567,0.11089536998003585,0.08965766905957384
67,C3_clean_050Cz_mu_relpower,-0.053453989929042725,0.06803235081878238,0.9799015125595404,1.0666498881942148,0.1214863407478251,0.11924884592243519,0.11924884592243519,0.5324675324675325,0.5324675324675325,0.06493506493506507,288.0,0.7031219883009681,0.9992734965378139,0.0,0.6383705326406731,0.9999999999999998,0.3616294673593269,0.2517012768758414,0.06493506493506507,0.0,0.0007265034621860567,0.11089536998003585,0.08965766905957384
5,C3_low_alpha_relpower,-0.052860419177434684,0.06727689713491618,1.02252517398307,1.0140002583412522,0.12013731631235086,0.11791991477527551,0.11791991477527551,0.5340909090909092,0.5340909090909092,0.06818181818181834,287.0,0.6886751834089413,0.9992734965378139,0.0,0.6424640828920396,0.9976805515735978,0.3575359171079604,0.24889598310167518,0.06818181818181834,0.0,0.0007265034621860567,0.11104988079544133,0.08964621284928725
61,C3_clean_025Cz_low_alpha_relpower,-0.05285651079352605,0.06727192282812453,1.0356822183958332,0.9966848690417267,0.12012843362165057,0.11791116492087562,0.11791116492087562,0.5340909090909092,0.5340909090909092,0.06818181818181834,287.0,0.6886751834089413,0.9992734965378139,0.0,0.6433429657648538,0.9933083101325338,0.35665703423514616,0.24887751268496072,0.06818181818181834,0.0,0.0007265034621860567,0.11104341614959128,0.08961171594728959
110,C4_clean_075Cz_high_alpha_relpower,0.04780683359163649,-0.06084506093481041,1.0421103326868015,0.9888117685612732,-0.1086518945264469,-0.10661185018459654,0.10661185018459654,0.47077922077922074,0.5292207792207793,0.05844155844155852,326.0,0.7323348187943389,0.9992734965378139,0.010293631174563833,0.6302015253996133,0.9445896267955183,0.36979847460038673,0.2250253384396843,0.05844155844155852,0.05543220379156248,0.0007265034621860567,0.11037250501296608,0.08950542870656178
13,Cz_low_alpha_relpower,-0.05293089118910454,0.0673665887861327,1.0017247673915455,1.040340913940887,0.12029747997523724,0.11807768445778458,0.11807768445778458,0.5324675324675325,0.5324675324675325,0.06493506493506507,288.0,0.7031219883009681,0.9992734965378139,0.0,0.6270116426999552,0.9868801959678072,0.37298835730004476,0.24922902541845796,0.06493506493506507,0.0,0.0007265034621860567,0.11003008196995166,0.08933303923723462
232,Cz_smooth_211_logvar,0.05073067887013991,-0.06456631856199326,1.059882907425095,0.9637656144163957,-0.11529699743213317,-0.11315299296063719,0.11315299296063719,0.4675324675324675,0.5324675324675325,0.06493506493506507,328.0,0.7031219883009681,0.9992734965378139,0.0,0.5354042903887107,0.9998446852971327,0.46459570961128926,0.2388332976742751,0.06493506493506507,0.0,0.0007265034621860567,0.10639157725948767,0.08930282518170216
31,ch3_beta_relpower,0.05165071502076929,-0.0657372736627968,1.0381595393092928,0.993557819536394,-0.11738798868356609,-0.11521203014334509,0.11521203014334509,0.4642857142857143,0.5357142857142857,0.0714285714285714,330.0,0.67434105752498,0.9992734965378139,0.0,0.6991377336516362,0.9896845944853501,0.30086226634836377,0.24317980140531684,0.0714285714285714,0.0,0.0007265034621860567,0.11018558083807949,0.08707511165761227
391,C4_dominant_asym_70_30_beta_relpower,0.02146436947990164,-0.027318288428965977,1.0304246418039025,1.007182729493492,-0.04878265790886761,-0.047811067608747905,0.047811067608747905,0.49837662337662336,0.5016233766233766,0.0032467532467532756,309.0,0.992203165194386,0.9992734965378139,0.06862696450789696,0.7054241710069108,0.9971273273867146,0.2945758289930892,0.1009004207351959,0.0032467532467532756,0.36956287025304857,0.0007265034621860567,0.11043673529051053,0.08706531255820511
216,C3_Cz_C4_mean_logvar,0.04944296215861547,-0.06292740638369217,1.058231802837053,0.9662978275209548,-0.11237036854230764,-0.1102717048310435,0.1102717048310435,0.46915584415584416,0.5308441558441559,0.06168831168831179,327.0,0.7176767975590095,0.9992734965378139,0.0,0.5342606951924975,0.9998446852971327,0.4657393048075025,0.2327510716170384,0.06168831168831179,0.0,0.0007265034621860567,0.10312643450309116,0.08659751432598764
47,ch5_beta_relpower,0.052406433800938616,-0.06669909756482952,1.0273719074087062,1.007753629480748,-0.11910553136576812,-0.11690360585971442,0.11690360585971442,0.4675324675324676,0.5324675324675324,0.06493506493506485,328.0,0.7031219883009681,0.9992734965378139,0.0,0.7112012988747146,0.9938630996248607,0.2887987011252854,0.24675061606776477,0.06493506493506485,0.0,0.0007265034621860567,0.10916263869720896,0.0858716555681951
76,C3_clean_075Cz_alpha_relpower,-0.05276857188058431,0.06716000057528962,1.0025437113739366,1.039351171628829,0.11992857245587393,0.11771429441136352,0.11771429441136352,0.5292207792207793,0.5292207792207793,0.05844155844155852,290.0,0.7323348187943389,0.9992734965378139,0.0,0.6903658132794322,0.9906339531151529,0.30963418672056775,0.24846193087259097,0.05844155844155852,0.0,0.0007265034621860567,0.10748887160617092,0.0852268789267061
200,C3_Cz_mean_logvar,0.04664025256722127,-0.05936032144919232,1.067951857937476,0.9528778307544646,-0.10600057401641359,-0.104002997628972,0.104002997628972,0.46590909090909094,0.5340909090909091,0.06818181818181812,329.0,0.6886751834089413,0.9992734965378139,0.0,0.5161482095191012,0.9996099195504128,0.48385179048089877,0.21951820750392964,0.06818181818181812,0.0,0.0007265034621860567,0.1007676593362303,0.0851643452530825
382,C3_dominant_asym_70_30_high_alpha_relpower,0.0396178373324795,-0.05042270205951926,0.9022465567741726,1.1530662879161662,-0.09004053939199876,-0.08830960048956864,0.08830960048956864,0.45454545454545453,0.5454545454545454,0.09090909090909083,336.0,0.5909484336721458,0.9992734965378139,0.0037207596016923805,0.5366133621615825,0.9899425297851567,0.4633866378384175,0.18639038941886255,0.09090909090909083,0.02003665188724466,0.0007265034621860567,0.10113479883845121,0.08485371350758021
131,C4_clean_mu_relpower,-0.01612129531077785,0.020518012213717053,0.9754973419647402,1.0754931188026364,0.0366393075244949,0.03590498194660162,0.03590498194660162,0.49999999999999994,0.5,0.0,308.0,1.0,1.0,0.07058583896677173,0.6025345859601541,0.9999999999999998,0.3974654140398459,0.07576738953633062,0.0,0.38011159949786083,0.0,0.10254090623728788,0.08400557349218891
99,C4_clean_050Cz_mu_relpower,-0.01612129531077785,0.020518012213717053,0.9754973419647402,1.0754931188026364,0.0366393075244949,0.03590498194660162,0.03590498194660162,0.49999999999999994,0.5,0.0,308.0,1.0,1.0,0.07058583896677173,0.6025345859601541,0.9999999999999998,0.3974654140398459,0.07576738953633062,0.0,0.38011159949786083,0.0,0.10254090623728788,0.08400557349218891
264,C3_smooth_532_logvar,0.04618255161320785,-0.05877779296226257,1.063225408634554,0.959716508212697,-0.10496034457547042,-0.10297957942448109,0.10297957942448109,0.4675324675324675,0.5324675324675325,0.06493506493506507,328.0,0.7031219883009681,0.9992734965378139,0.0,0.5230721760901086,0.999480261529631,0.4769278239098914,0.21735783318840335,0.06493506493506507,0.0,0.0007265034621860567,0.09887516468943254,0.08335951042282173
32,ch4_logvar,0.031244487148651436,-0.03976571091646444,1.049410555503738,0.9808594181038565,-0.07101019806511588,-0.06961876339759765,0.06961876339759765,0.48376623376623373,0.5162337662337663,0.032467532467532534,318.0,0.8527045459066888,0.9992734965378139,0.032166647047579655,0.5026379422640196,0.9280703748486627,0.4973620577359804,0.146935155759748,0.032467532467532534,0.17322051899807359,0.0007265034621860567,0.09750769502538151,0.0828043748706419
224,C3_smooth_421_logvar,0.04472094592051744,-0.05691756753520511,1.0651366498481298,0.9571981779695984,-0.10163851345572256,-0.09971198314378717,0.09971198314378717,0.4675324675324675,0.5324675324675325,0.06493506493506507,328.0,0.7031219883009681,0.9992734965378139,0.0,0.5169115436649966,0.9996099195504128,0.4830884563350034,0.21046013384385048,0.06493506493506507,0.0,0.0007265034621860567,0.09646096991883904,0.08150243325958807
390,C4_dominant_asym_70_30_high_alpha_relpower,0.01748708785787453,-0.022256293637294877,0.9288666017658362,1.1272622690402314,-0.03974338149516941,-0.03894798209767289,0.03894798209767289,0.4951298701298701,0.5048701298701299,0.009740259740259827,311.0,0.9610307114875252,0.9992734965378139,0.05923807561900851,0.5522816805486476,0.9824468013927694,0.44771831945135243,0.08219097995095218,0.009740259740259827,0.3190027915559163,0.0007265034621860567,0.09604914254932607,0.08013528799060654
402,C4clean_dominant_asym_70_30_hjorth_complexity,-0.05266101334528319,0.06702310789399775,0.9818256512695893,1.064492306997227,0.11968412123928093,0.11747350584028837,0.11747350584028837,0.5178571428571428,0.5178571428571428,0.03571428571428559,297.0,0.8374058575385208,0.9992734965378139,0.0,0.6522853028690064,0.9783628363528563,0.34771469713099357,0.24795364067202552,0.03571428571428559,0.0,0.0007265034621860567,0.09935642458142749,0.07991380393140407
120,C3_clean_logvar,0.042998711023315615,-0.05472563221149088,1.0202272626472981,1.0183793005749713,-0.0977243432348065,-0.09586276583332734,0.09586276583332734,0.47564935064935066,0.5243506493506493,0.04870129870129869,323.0,0.7768785634196818,0.9992734965378139,0.0,0.34528663687773503,0.9999999999999998,0.654713363122265,0.20233466746470471,0.04870129870129869,0.0,0.0007265034621860567,0.0879352385043198,0.07882637967446036
64,C3_clean_050Cz_logvar,0.042998711023315615,-0.05472563221149088,1.0202272626472981,1.0183793005749713,-0.0977243432348065,-0.09586276583332734,0.09586276583332734,0.47564935064935066,0.5243506493506493,0.04870129870129869,323.0,0.7768785634196818,0.9992734965378139,0.0,0.34528663687773503,0.9999999999999998,0.654713363122265,0.20233466746470471,0.04870129870129869,0.0,0.0007265034621860567,0.0879352385043198,0.07882637967446036
49,ch6_hjorth_mobility,0.04121048533936351,-0.0524497086137339,0.9956764165448317,1.0493738470447154,-0.09366019395309741,-0.09186721194272375,0.09186721194272375,0.4788961038961038,0.5211038961038962,0.04220779220779236,321.0,0.8069977320408938,0.9992734965378139,0.0,0.22419827269082176,0.5264069637956024,0.7758017273091782,0.1939002933606648,0.04220779220779236,0.0,0.0007265034621860567,0.0827104802951786,0.07714741625049641
387,C4_dominant_asym_70_30_mu_relpower,-0.047189831617556445,0.06005978569507224,0.9398733946279163,1.1128580857030819,0.10724961731262869,0.10523196562899872,0.10523196562899872,0.5227272727272728,0.5227272727272728,0.045454545454545636,294.0,0.7918993208650358,0.9992734965378139,0.0,0.6080202563464421,0.9882154020048977,0.3919797436535579,0.22211248508293965,0.045454545454545636,0.0,0.0007265034621860567,0.09372111103433844,0.0766258108474869
195,C3_C4_mean_mu_relpower,-0.041104969604161455,0.05231541585984279,0.9526690023974115,1.0995208190407066,0.09342038546400425,0.09163148666272906,0.09163148666272906,0.5340909090909091,0.5340909090909091,0.06818181818181812,287.0,0.6886751834089413,0.9992734965378139,0.0,0.5973794239622339,0.9970900386618525,0.40262057603776613,0.19340269146323316,0.06818181818181812,0.0,0.0007265034621860567,0.09162722872198655,0.07520636238802769
384,C4_dominant_asym_70_30_logvar,0.0421365977186459,-0.05362839709645717,1.0859211419543064,0.9270523299965385,-0.09576499481510306,-0.09393634386605464,0.09393634386605464,0.474025974025974,0.525974025974026,0.051948051948051965,324.0,0.7619407670310702,0.9992734965378139,0.0,0.5084825802603175,0.980198038115887,0.49151741973968255,0.19826810648240148,0.051948051948051965,0.0,0.0007265034621860567,0.08764830579687731,0.07427801479076485
36,ch4_alpha_relpower,0.04464822152206425,-0.056825009209900926,0.9711789470083099,1.0780726287047901,-0.10147323073196518,-0.09954942052969983,0.09954942052969983,0.47564935064935066,0.5243506493506493,0.04870129870129869,323.0,0.7768785634196818,0.9992734965378139,0.0,0.6027808938053948,0.9805664698865137,0.3972191061946052,0.21011697393659262,0.04870129870129869,0.0,0.0007265034621860567,0.09065904576948056,0.07426478357733904
288,C4_laplacian_simple_logvar,0.042793684338539424,-0.054464689158141,1.0248444360342188,1.0124274830311013,-0.09725837349668043,-0.09540460205765706,0.09540460205765706,0.487012987012987,0.512987012987013,0.025974025974025983,316.0,0.8834630812835508,0.9992734965378139,0.0,0.2506340961337793,0.837559650153094,0.7493659038662207,0.20136751127291608,0.025974025974025983,0.0,0.0007265034621860567,0.07964218838264832,0.07365387401282794
400,C4clean_dominant_asym_70_30_logvar,0.04288982983343765,-0.054587056151648265,1.0897714228193152,0.9211196903949543,-0.09747688598508591,-0.09561945208717178,0.09561945208717178,0.48376623376623373,0.5162337662337663,0.032467532467532534,318.0,0.8527045459066888,0.9992734965378139,0.0,0.3451082001060774,0.885093471509298,0.6548917998939225,0.20182104677132412,0.032467532467532534,0.0,0.0007265034621860567,0.08207365307981843,0.0735763658726664
381,C3_dominant_asym_70_30_low_alpha_relpower,-0.040877003616656374,0.05202527733029065,1.028810442376646,1.0074837376982084,0.09290228094694702,0.09112221723238756,0.09112221723238756,0.5340909090909092,0.5340909090909092,0.06818181818181834,287.0,0.6886751834089413,0.9992734965378139,0.0,0.657000628023234,0.9810030410900829,0.342999371976766,0.19232765430621895,0.06818181818181834,0.0,0.0007265034621860567,0.09125096571703165,0.07326538318188672
285,C3_laplacian_simple_low_alpha_relpower,-0.038183340682302516,0.04859697905020261,1.040200833941103,0.9926573361313245,0.08678031973250513,0.08510599902143255,0.08510599902143255,0.5373376623376623,0.5373376623376623,0.07467532467532467,285.0,0.6601241631054685,0.9992734965378139,0.0,0.6045417562520619,0.9773801433934066,0.39545824374793814,0.17962777927711085,0.07467532467532467,0.0,0.0007265034621860567,0.08907873672957103,0.07292319194540806
14,Cz_high_alpha_relpower,0.043938953819488334,-0.05592230486116696,0.9650013770888534,1.0852692196455207,-0.09986125868065529,-0.09796408264461952,0.09796408264461952,0.48214285714285715,0.5178571428571428,0.03571428571428559,319.0,0.8374058575385208,0.9992734965378139,0.0,0.48664839348867067,0.9938504416582644,0.5133516065113293,0.20677042095040457,0.03571428571428559,0.0,0.0007265034621860567,0.08494229767886015,0.07254118786746402
259,C4_smooth_611_mu_relpower,-0.04089739541599447,0.05205123052944793,0.9451612218334695,1.1078434469123313,0.0929486259454424,0.09116777118200879,0.09116777118200879,0.5292207792207791,0.5292207792207791,0.058441558441558294,290.0,0.7323348187943389,0.9992734965378139,0.0,0.595280761647996,0.9988290054628932,0.40471923835200396,0.1924238159557779,0.058441558441558294,0.0,0.0007265034621860567,0.08787553138528627,0.0721823474093096
51,ch6_mu_relpower,-0.04537117021452619,0.057745125727579144,0.9333937169221562,1.1200756431142598,0.10311629594210533,0.10116553563316805,0.10116553563316805,0.5178571428571428,0.5178571428571428,0.03571428571428559,297.0,0.8374058575385208,0.9992734965378139,0.0,0.5934032170754858,0.9798579372057314,0.4065967829245142,0.21352849578088468,0.03571428571428559,0.0,0.0007265034621860567,0.08730762386952819,0.07176503640570983
350,C4_minus_Cz_high_alpha_relpower,0.038904097050400814,-0.049514305336874884,1.0918726150397717,0.9184528328920806,-0.08841840238727569,-0.08671554863427498,0.08671554863427498,0.46590909090909094,0.5340909090909091,0.06818181818181812,329.0,0.6886751834089413,0.9992734965378139,0.0,0.6324265239898276,1.0,0.36757347601017243,0.18302544176532093,0.06818181818181812,0.0,0.0007265034621860567,0.08799519132771726,0.07130004343395484
366,Cz_minus_C4_high_alpha_relpower,0.038904097050400814,-0.049514305336874884,1.0918726150397717,0.9184528328920806,-0.08841840238727569,-0.08671554863427498,0.08671554863427498,0.46590909090909094,0.5340909090909091,0.06818181818181812,329.0,0.6886751834089413,0.9992734965378139,0.0,0.6324265239898276,1.0,0.36757347601017243,0.18302544176532093,0.06818181818181812,0.0,0.0007265034621860567,0.08799519132771726,0.07130004343395484
118,C4_clean_100Cz_high_alpha_relpower,0.038904097050400814,-0.049514305336874884,1.0918726150397717,0.9184528328920806,-0.08841840238727569,-0.08671554863427498,0.08671554863427498,0.46590909090909094,0.5340909090909091,0.06818181818181812,329.0,0.6886751834089413,0.9992734965378139,0.0,0.6324265239898276,1.0,0.36757347601017243,0.18302544176532093,0.06818181818181812,0.0,0.0007265034621860567,0.08799519132771726,0.07130004343395484
160,C3clean050_minus_C4clean050_logvar,-0.04054804227911984,0.05160659926433398,0.9828260910631459,1.0649122541350509,0.09215464154345382,0.09038735908799432,0.09038735908799432,0.5243506493506493,0.5243506493506493,0.04870129870129869,293.0,0.7768785634196818,0.9992734965378139,0.0,0.5098585749782989,0.9999999999999998,0.4901414250217011,0.1907764129332045,0.04870129870129869,0.0,0.0007265034621860567,0.08388984941829472,0.07105826169442797
184,C3clean_minus_C4clean_logvar,-0.04054804227911984,0.05160659926433398,0.9828260910631459,1.0649122541350509,0.09215464154345382,0.09038735908799432,0.09038735908799432,0.5243506493506493,0.5243506493506493,0.04870129870129869,293.0,0.7768785634196818,0.9992734965378139,0.0,0.5098585749782989,0.9999999999999998,0.4901414250217011,0.1907764129332045,0.04870129870129869,0.0,0.0007265034621860567,0.08388984941829472,0.07105826169442797
136,C3_minus_C4_logvar,-0.040548042279119824,0.051606599264334,0.9828260910631459,1.0649122541350509,0.09215464154345382,0.0903873590879943,0.0903873590879943,0.5243506493506493,0.5243506493506493,0.04870129870129869,293.0,0.7768785634196818,0.9992734965378139,0.0,0.5098585749782989,1.0,0.4901414250217011,0.19077641293320446,0.04870129870129869,0.0,0.0007265034621860567,0.0838898494182947,0.07105826169442796
144,C4_minus_C3_logvar,-0.040548042279119824,0.051606599264334,0.9828260910631459,1.0649122541350509,0.09215464154345382,0.0903873590879943,0.0903873590879943,0.5243506493506493,0.5243506493506493,0.04870129870129869,293.0,0.7768785634196818,0.9992734965378139,0.0,0.5098585749782989,1.0,0.4901414250217011,0.19077641293320446,0.04870129870129869,0.0,0.0007265034621860567,0.0838898494182947,0.07105826169442796
368,C3_minus_Cz_minus_C4_minus_Cz_logvar,-0.040548042279119824,0.05160659926433398,0.9828260910631459,1.0649122541350509,0.0921546415434538,0.0903873590879943,0.0903873590879943,0.5243506493506493,0.5243506493506493,0.04870129870129869,293.0,0.7768785634196818,0.9992734965378139,0.0,0.5098585749782989,0.9999999999999998,0.4901414250217011,0.19077641293320446,0.04870129870129869,0.0,0.0007265034621860567,0.0838898494182947,0.07105826169442796
168,C3clean075_minus_C4clean075_logvar,-0.040548042279119824,0.051606599264334,0.9828260910631459,1.0649122541350509,0.09215464154345382,0.0903873590879943,0.0903873590879943,0.5243506493506493,0.5243506493506493,0.04870129870129869,293.0,0.7768785634196818,0.9992734965378139,0.0,0.5098585749782989,1.0,0.4901414250217011,0.19077641293320446,0.04870129870129869,0.0,0.0007265034621860567,0.0838898494182947,0.07105826169442796
176,C3clean100_minus_C4clean100_logvar,-0.040548042279119824,0.05160659926433398,0.9828260910631459,1.0649122541350509,0.0921546415434538,0.0903873590879943,0.0903873590879943,0.5243506493506493,0.5243506493506493,0.04870129870129869,293.0,0.7768785634196818,0.9992734965378139,0.0,0.5098585749782989,0.9999999999999998,0.4901414250217011,0.19077641293320446,0.04870129870129869,0.0,0.0007265034621860567,0.0838898494182947,0.07105826169442796
152,C3clean025_minus_C4clean025_logvar,-0.040548042279119824,0.051606599264334,0.9828260910631459,1.0649122541350509,0.09215464154345382,0.0903873590879943,0.0903873590879943,0.5243506493506493,0.5243506493506493,0.04870129870129869,293.0,0.7768785634196818,0.9992734965378139,0.0,0.5098585749782989,1.0,0.4901414250217011,0.19077641293320446,0.04870129870129869,0.0,0.0007265034621860567,0.0838898494182947,0.07105826169442796
0,C3_logvar,0.03787834658603682,-0.048208804745863795,1.0634654607341083,0.9604763025399683,-0.08608715133190062,-0.08442495582266862,0.08442495582266862,0.4724025974025974,0.5275974025974026,0.05519480519480524,325.0,0.7470911465242466,0.9992734965378139,0.0,0.47299420949306287,0.9918718384088693,0.5270057905069372,0.17819013801968828,0.05519480519480524,0.0,0.0007265034621860567,0.08175738047129133,0.07015615020741872
415,C3_clean_minus_C3_minus_C4_corr,-0.041229367225006024,0.05247374010455357,1.020849412983765,1.0177992574379697,0.0937031073295596,0.09190939504836615,0.09190939504836615,0.5227272727272727,0.5227272727272727,0.045454545454545414,294.0,0.7918993208650358,0.9992734965378139,0.0,0.5578135630772246,0.9362827952606759,0.44218643692277537,0.19398933936119428,0.045454545454545414,0.0,0.0007265034621860567,0.0838780100317275,0.06984152253983997
129,C4_clean_hjorth_mobility,-0.04044227526561801,0.05147198670169378,0.9891970644389981,1.0573129760389985,0.09191426196731178,0.0901510968998489,0.0901510968998489,0.525974025974026,0.525974025974026,0.051948051948051965,292.0,0.7619407670310702,0.9992734965378139,0.0,0.6037310096997577,1.0,0.3962689903002423,0.19027767765493836,0.051948051948051965,0.0,0.0007265034621860567,0.08485165570726522,0.06948338297481217
97,C4_clean_050Cz_hjorth_mobility,-0.04044227526561801,0.05147198670169378,0.9891970644389981,1.0573129760389985,0.09191426196731178,0.0901510968998489,0.0901510968998489,0.525974025974026,0.525974025974026,0.051948051948051965,292.0,0.7619407670310702,0.9992734965378139,0.0,0.6037310096997577,1.0,0.3962689903002423,0.19027767765493836,0.051948051948051965,0.0,0.0007265034621860567,0.08485165570726522,0.06948338297481217
309,C3_laplacian_strong_low_alpha_relpower,-0.04296942779017711,0.05468836264204313,1.0343977890519216,0.9998351386876569,0.09765779043222024,0.09579732698408812,0.09579732698408812,0.5194805194805194,0.5194805194805194,0.03896103896103886,296.0,0.8221684027203731,0.9992734965378139,0.0,0.6171033573421701,0.9860142618442421,0.38289664265782986,0.20219652998726526,0.03896103896103886,0.0,0.0007265034621860567,0.08447779947812503,0.06883833937447616
396,C3clean_dominant_asym_70_30_alpha_relpower,-0.04577432046041111,0.05825822604052375,0.9233073083328953,1.1307237684822145,0.10403254650093485,0.10206684547494331,0.10206684547494331,0.5146103896103896,0.5146103896103896,0.02922077922077926,299.0,0.8680588480680906,0.9992734965378139,0.0,0.6618696622740022,0.9886287893981908,0.33813033772599776,0.21543110668223261,0.02922077922077926,0.0,0.0007265034621860567,0.08570081041227275,0.06868398047901897
397,C3clean_dominant_asym_70_30_low_alpha_relpower,-0.03802897787386519,0.04840051729400991,1.0496726530644414,0.9797722419490414,0.0864294951678751,0.08476130745544935,0.08476130745544935,0.525974025974026,0.525974025974026,0.051948051948051965,292.0,0.7619407670310702,0.9992734965378139,0.0,0.6509552147148691,0.9609358263349986,0.34904478528513094,0.17890015609954674,0.051948051948051965,0.0,0.0007265034621860567,0.08086952316287814,0.065076791818564
40,ch5_logvar,0.04232742031099606,-0.05387126221399414,1.0610724846202442,0.963311954278878,-0.0961986825249902,-0.09436272027131878,0.09436272027131878,0.48863636363636365,0.5113636363636364,0.022727272727272707,315.0,0.8989115061361105,0.9992734965378139,0.0,0.5535241894638213,0.9945529245414907,0.4464758105361787,0.19916816144589247,0.022727272727272707,0.0,0.0007265034621860567,0.07773605230682641,0.06482741670325042
24,ch3_logvar,0.03740176028285897,-0.04760224036000467,1.0466339660709576,0.9840157719809848,-0.08500400064286365,-0.08336081223872936,0.08336081223872936,0.4788961038961039,0.5211038961038961,0.04220779220779214,321.0,0.8069977320408938,0.9992734965378139,0.0,0.5430304571894239,0.989920658677872,0.4569695428105761,0.17594379487600922,0.04220779220779214,0.0,0.0007265034621860567,0.07642570582554907,0.06397526003290736
98,C4_clean_050Cz_hjorth_complexity,-0.03767560354040917,0.04795076814233587,1.0218039789141995,1.0169848120729594,0.08562637168274503,0.08397225299793437,0.08397225299793437,0.5243506493506493,0.5243506493506493,0.04870129870129869,293.0,0.7768785634196818,0.9992734965378139,0.0,0.6612422855188849,0.9999999999999998,0.33875771448111514,0.17723450956708656,0.04870129870129869,0.0,0.0007265034621860567,0.07915018324015344,0.06344894882066617
130,C4_clean_hjorth_complexity,-0.03767560354040917,0.04795076814233587,1.0218039789141995,1.0169848120729594,0.08562637168274503,0.08397225299793437,0.08397225299793437,0.5243506493506493,0.5243506493506493,0.04870129870129869,293.0,0.7768785634196818,0.9992734965378139,0.0,0.6612422855188849,0.9999999999999998,0.33875771448111514,0.17723450956708656,0.04870129870129869,0.0,0.0007265034621860567,0.07915018324015344,0.06344894882066617
54,ch6_high_alpha_relpower,0.039349464265994026,-0.05008113633853739,0.9640615353003156,1.0868756296732713,-0.08943060060453142,-0.08771020192003384,0.08771020192003384,0.4918831168831169,0.5081168831168831,0.016233766233766156,313.0,0.9299177282619497,0.9992734965378139,0.003634901015833636,0.5141233411349175,0.9627742012689214,0.48587665886508247,0.18512509506636438,0.016233766233766156,0.019574295062148975,0.0007265034621860567,0.07446311081369408,0.06297814381684327
287,C3_laplacian_simple_beta_relpower,-0.03439584626097492,0.04377653160487711,0.9938500746682198,1.0523395306392618,0.07817237786585203,0.07665070450515701,0.07665070450515701,0.5064935064935064,0.5064935064935064,0.01298701298701288,304.0,0.9454638214829427,0.9992734965378139,0.009810003690936542,0.47015352648070213,0.9495879480530774,0.5298464735192978,0.1617791607719724,0.01298701298701288,0.05282782281297506,0.0007265034621860567,0.07180637572445846,0.06167836949326272
56,C3_clean_025Cz_logvar,0.03659214762723857,-0.046571824252848754,1.0517871685431592,0.9770186222565665,-0.08316397188008733,-0.08155323807471762,0.08155323807471762,0.48701298701298695,0.5129870129870131,0.025974025974026205,316.0,0.8834630812835508,0.9992734965378139,0.0,0.43191940269137935,0.9874489134469691,0.5680805973086207,0.17212811446285653,0.025974025974026205,0.0,0.0007265034621860567,0.06940839949912755,0.06041474916309921
348,C4_minus_Cz_alpha_relpower,0.012741745595734242,-0.016216767121843764,1.1060411066178266,0.8986720734262508,-0.028958512717578006,-0.028376363801523672,0.028376363801523672,0.47727272727272724,0.5227272727272727,0.045454545454545414,322.0,0.7918993208650358,0.9992734965378139,0.03177731415824714,0.6434827076743537,1.0,0.35651729232564633,0.05987492915145568,0.045454545454545414,0.17112392356947817,0.0007265034621860567,0.07116275117221461,0.057425151229258724
364,Cz_minus_C4_alpha_relpower,0.012741745595734242,-0.016216767121843764,1.1060411066178266,0.8986720734262508,-0.028958512717578006,-0.028376363801523672,0.028376363801523672,0.47727272727272724,0.5227272727272727,0.045454545454545414,322.0,0.7918993208650358,0.9992734965378139,0.03177731415824714,0.6434827076743537,1.0,0.35651729232564633,0.05987492915145568,0.045454545454545414,0.17112392356947817,0.0007265034621860567,0.07116275117221461,0.057425151229258724
116,C4_clean_100Cz_alpha_relpower,0.012741745595734242,-0.016216767121843764,1.1060411066178266,0.8986720734262508,-0.028958512717578006,-0.028376363801523672,0.028376363801523672,0.47727272727272724,0.5227272727272727,0.045454545454545414,322.0,0.7918993208650358,0.9992734965378139,0.03177731415824714,0.6434827076743537,1.0,0.35651729232564633,0.05987492915145568,0.045454545454545414,0.17112392356947817,0.0007265034621860567,0.07116275117221461,0.057425151229258724
19,C4_mu_relpower,-0.036177665352797025,0.04604430135810484,0.9454953336177161,1.107974400911851,0.08222196671090187,0.08062792763124976,0.08062792763124976,0.5146103896103895,0.5146103896103895,0.029220779220779036,299.0,0.8680588480680906,0.9992734965378139,0.0,0.5965979230578712,0.9984107882844887,0.4034020769421288,0.17017483973392927,0.029220779220779036,0.0,0.0007265034621860567,0.0698611169803665,0.057357417792469605
377,C3_dominant_asym_70_30_hjorth_mobility,0.02890120073997187,-0.03678334639632853,1.0198083546129795,1.020424764319296,-0.0656845471363004,-0.06439168573845994,0.06439168573845994,0.47077922077922074,0.5292207792207793,0.05844155844155852,326.0,0.7323348187943389,0.9992734965378139,0.0,0.6549191315414691,0.9966017116417674,0.3450808684585309,0.13590110900299743,0.05844155844155852,0.0,0.0007265034621860567,0.06809258395181318,0.054714043167972355
376,C3_dominant_asym_70_30_logvar,0.027035775408491534,-0.03440916870171617,1.007945065001264,1.0356214654224483,-0.061444944110207705,-0.06023152670506651,0.06023152670506651,0.4788961038961038,0.5211038961038962,0.04220779220779236,321.0,0.8069977320408938,0.9992734965378139,0.0,0.2772794424140787,0.9668580739198661,0.7227205575859212,0.12711926333637807,0.04220779220779236,0.0,0.0007265034621860567,0.05933711978667825,0.05440123074000598
28,ch3_alpha_relpower,-0.025567343499758307,0.03254025536332876,0.9734274468512946,1.0773480394452093,0.05810759886308707,0.056957285203265345,0.056957285203265345,0.5308441558441559,0.5308441558441559,0.06168831168831179,289.0,0.7176767975590095,0.9992734965378139,0.00048410736504012064,0.5668845125287537,0.9812714648398733,0.4331154874712463,0.12020753632948927,0.06168831168831179,0.0026069651866108727,0.0007265034621860567,0.06425759018977115,0.053329600382470886
92,C4_clean_025Cz_alpha_relpower,0.010565262399029902,-0.013446697598765872,0.9601836037750018,1.093273321720428,-0.024011959997795776,-0.023528491268367147,0.023528491268367147,0.49025974025974023,0.5097402597402598,0.019480519480519654,314.0,0.9143983329428436,0.9992734965378139,0.037928107809040545,0.6094718605892835,0.9962997641996912,0.3905281394107165,0.049641361622933394,0.019480519480519654,0.20424654486303503,0.0007265034621860567,0.06511461770503418,0.05320895954376006
392,C3clean_dominant_asym_70_30_logvar,0.02638404200892619,-0.03357968982954304,0.9172556811171124,1.1389016433978512,-0.05996373183846923,-0.05877826202867355,0.05877826202867355,0.48214285714285715,0.5178571428571428,0.03571428571428559,319.0,0.8374058575385208,0.9992734965378139,0.0,0.21018472325921783,0.8910261455101841,0.7898152767407822,0.12405150895526196,0.03571428571428559,0.0,0.0007265034621860567,0.05599067848056024,0.05246016290210052
114,C4_clean_100Cz_hjorth_complexity,0.034728653738733115,-0.04420010475838696,1.0069253505489577,1.0362015255069539,-0.07892875849712008,-0.07739349645267687,0.07739349645267687,0.4935064935064935,0.5064935064935066,0.012987012987013102,312.0,0.9454638214829427,0.9992734965378139,0.0,0.5609323854532577,1.0,0.43906761454674226,0.1633471499265135,0.012987012987013102,0.0,0.0007265034621860567,0.0617896073659529,0.05139166980915165
346,C4_minus_Cz_hjorth_complexity,0.034728653738733115,-0.04420010475838696,1.0069253505489577,1.0362015255069539,-0.07892875849712008,-0.07739349645267687,0.07739349645267687,0.4935064935064935,0.5064935064935066,0.012987012987013102,312.0,0.9454638214829427,0.9992734965378139,0.0,0.5609323854532577,1.0,0.43906761454674226,0.1633471499265135,0.012987012987013102,0.0,0.0007265034621860567,0.0617896073659529,0.05139166980915165
362,Cz_minus_C4_hjorth_complexity,0.034728653738733115,-0.04420010475838696,1.0069253505489577,1.0362015255069539,-0.07892875849712008,-0.07739349645267687,0.07739349645267687,0.4935064935064935,0.5064935064935066,0.012987012987013102,312.0,0.9454638214829427,0.9992734965378139,0.0,0.5609323854532577,1.0,0.43906761454674226,0.1633471499265135,0.012987012987013102,0.0,0.0007265034621860567,0.0617896073659529,0.05139166980915165
135,C4_clean_beta_relpower,0.021359895192631102,-0.02718532115425786,1.0262307865623066,1.012679761412981,-0.048545216346888964,-0.047578219562870255,0.047578219562870255,0.49837662337662336,0.5016233766233766,0.0032467532467532756,309.0,0.992203165194386,0.9992734965378139,0.02561758499851763,0.697735626256301,0.9999999999999998,0.30226437374369897,0.10040889250604465,0.0032467532467532756,0.13795318369231097,0.0007265034621860567,0.06394276309816006,0.050558219941704154
103,C4_clean_050Cz_beta_relpower,0.021359895192631102,-0.02718532115425786,1.0262307865623066,1.012679761412981,-0.048545216346888964,-0.047578219562870255,0.047578219562870255,0.49837662337662336,0.5016233766233766,0.0032467532467532756,309.0,0.992203165194386,0.9992734965378139,0.02561758499851763,0.697735626256301,0.9999999999999998,0.30226437374369897,0.10040889250604465,0.0032467532467532756,0.13795318369231097,0.0007265034621860567,0.06394276309816006,0.050558219941704154
29,ch3_low_alpha_relpower,-0.030321482699902338,0.0385909779816946,1.023566004765687,1.01545050596636,0.06891246068159694,0.06755968480406355,0.06755968480406355,0.5162337662337663,0.5162337662337663,0.032467532467532534,298.0,0.8527045459066888,0.9992734965378139,0.0,0.6453847641565214,0.9524998711458489,0.35461523584347865,0.14258856461294123,0.032467532467532534,0.0,0.0007265034621860567,0.06134228432438442,0.04946547161392988
380,C3_dominant_asym_70_30_alpha_relpower,-0.017640115051233148,0.022451055519750462,0.9338597619399448,1.1219383430065974,0.04009117057098361,0.03928894518758395,0.03928894518758395,0.49675324675324667,0.5032467532467533,0.006493506493506551,310.0,0.9766124733685598,0.9992734965378139,0.02323013911107208,0.623277088041499,0.9907448256792913,0.37672291195850105,0.0829107325396339,0.006493506493506551,0.1250965556734994,0.0007265034621860567,0.056383445142517634,0.04584069229186483
95,C4_clean_025Cz_beta_relpower,0.029811542533107464,-0.03794196322395563,1.031072348481772,1.0056854925107317,-0.0677535057570631,-0.06642218293058255,0.06642218293058255,0.49512987012987014,0.5048701298701299,0.009740259740259827,311.0,0.9610307114875252,0.9992734965378139,0.003735911116843793,0.7024916280525851,0.9987158081681341,0.29750837194741486,0.14018736652935446,0.009740259740259827,0.020118244268143196,0.0007265034621860567,0.05657096839421224,0.04464877888788379
401,C4clean_dominant_asym_70_30_hjorth_mobility,-0.023098618451209103,0.029398241665176957,0.9892533394145983,1.058823436964525,0.05249686011638606,0.051453681156767996,0.051453681156767996,0.5194805194805194,0.5194805194805194,0.03896103896103886,296.0,0.8221684027203731,0.9992734965378139,0.0,0.6273747477567567,0.9825971362497345,0.3726252522432433,0.10858975899007409,0.03896103896103886,0.0,0.0007265034621860567,0.05171542962910813,0.041981943243499915
33,ch4_hjorth_mobility,0.022639146421151318,-0.02881345908146389,0.9832652377542497,1.0660005392676624,-0.05145260550261521,-0.05042950233813131,0.05042950233813131,0.48051948051948046,0.5194805194805195,0.038961038961039085,320.0,0.8221684027203731,0.9992734965378139,0.0,0.6099055590651355,0.9107785716439042,0.39009444093486445,0.10642777906380396,0.038961038961039085,0.0,0.0007265034621860567,0.05095873665491367,0.041634731624283224
315,C4_laplacian_strong_mu_relpower,-0.02956579926258131,0.037629199061467444,1.0540654589429266,0.9745796494562519,0.06719499832404875,0.06587403752534078,0.06587403752534078,0.4967532467532467,0.5032467532467533,0.006493506493506551,310.0,0.9766124733685598,0.9992734965378139,0.0,0.6181123333094177,0.9864729367231146,0.3818876666905823,0.13903026452602713,0.006493506493506551,0.0,0.0007265034621860567,0.05100597020305539,0.04154774442657903
398,C3clean_dominant_asym_70_30_high_alpha_relpower,-0.011195213783328401,0.014248453906054477,0.87941019342867,1.1773910320897605,0.02544366768938288,0.024931589763732998,0.024931589763732998,0.474025974025974,0.525974025974026,0.051948051948051965,324.0,0.7619407670310702,0.9992734965378139,0.011975449356382173,0.5945383242289116,0.9719083429710513,0.4054616757710884,0.05260321821121817,0.051948051948051965,0.06448895807136205,0.0007265034621860567,0.04956338651623556,0.0407231866874938
314,C4_laplacian_strong_hjorth_complexity,0.011084047940864839,-0.014106970106553778,1.0123129787207132,1.03102324525592,-0.025191018047418617,-0.024683986025207588,0.024683986025207588,0.5405844155844155,0.5405844155844155,0.081168831168831,283.0,0.6320596424729124,0.9992734965378139,0.0,0.46949556790806557,0.950677211041952,0.5305044320919344,0.05208054160180152,0.081168831168831,0.0,0.0007265034621860567,0.04670993081593998,0.04013089916732712
57,C3_clean_025Cz_hjorth_mobility,0.018284863096246527,-0.0232716439406785,1.0038001281939541,1.0413619111539565,-0.041556507036925025,-0.040725560761397724,0.040725560761397724,0.47240259740259744,0.5275974025974026,0.05519480519480524,325.0,0.7470911465242466,0.9992734965378139,0.0,0.6476610712524551,0.9986822471101583,0.3523389287475449,0.08594334166592574,0.05519480519480524,0.0,0.0007265034621860567,0.049471001747474444,0.03985886915116403
290,C4_laplacian_simple_hjorth_complexity,0.025708373655117484,-0.0327197482883356,0.9797759335851557,1.0699131621053846,-0.05842812194345308,-0.05727172689640783,0.05727172689640783,0.5016233766233766,0.5016233766233766,0.0032467532467532756,307.0,0.992203165194386,0.9992734965378139,0.0,0.29678473321243254,0.8961757445070812,0.7032152667875675,0.12087130384370262,0.0032467532467532756,0.0,0.0007265034621860567,0.04351397032787816,0.03963968570544625
91,C4_clean_025Cz_mu_relpower,-0.02645238290533562,0.03366666915224436,0.9532978082352784,1.100183980648667,0.060119052057579975,0.05893064713448997,0.05893064713448997,0.4935064935064935,0.5064935064935066,0.012987012987013102,312.0,0.9454638214829427,0.9992734965378139,0.0,0.598283775798093,0.9963415492458982,0.401716224201907,0.12437318475429499,0.012987012987013102,0.0,0.0007265034621860567,0.04814871955567643,0.03950674023499235
276,C4_smooth_532_alpha_relpower,-0.003242844529653899,0.004127256674105487,0.9567551047257481,1.0972706805894645,0.007370101203759386,0.00722124324565422,0.00722124324565422,0.5097402597402597,0.5097402597402597,0.01948051948051943,302.0,0.9143983329428436,0.9992734965378139,0.03324601212694467,0.5942359688298494,0.9998568573366441,0.4057640311701506,0.015217741219668538,0.01948051948051943,0.1790330047992654,0.0007265034621860567,0.048023642551137474,0.039462429823703404
1,C3_hjorth_mobility,0.020794333157762707,-0.026465514928060294,1.00684140887332,1.0374369413418498,-0.047259848085823,-0.04631775209421828,0.04631775209421828,0.4788961038961038,0.5211038961038962,0.04220779220779236,321.0,0.8069977320408938,0.9992734965378139,0.0,0.6521973259221159,0.9990956277718689,0.3478026740778841,0.09774812144209163,0.04220779220779236,0.0,0.0007265034621860567,0.049057220123678,0.039458723789127376
12,Cz_alpha_relpower,-0.02120734499152535,0.026991166352850874,0.9586821017743419,1.094498197698812,0.04819851134437622,0.04723822543679785,0.04723822543679785,0.5178571428571429,0.5178571428571429,0.03571428571428581,297.0,0.8374058575385208,0.9992734965378139,0.0,0.5893369344057497,0.9942858450709953,0.41066306559425025,0.09969118534178523,0.03571428571428581,0.0,0.0007265034621860567,0.04746456521584346,0.03907277880868137
413,C3_minus_C4_minus_C3clean_minus_C4clean_corr,-4.7580986769649563e-17,-3.532527805625498e-17,7.040218269185638e-17,7.175759861881672e-17,1.2255708713394583e-17,1.22548386399345e-05,1.22548386399345e-05,0.5568181818181818,0.5568181818181818,0.11363636363636354,273.0,0.40155281756833405,0.9992734965378139,0.0,0.09926256940420994,0.341255779766082,0.90073743059579,0.0,0.11363636363636354,0.0,0.0007265034621860567,0.03984537761894584,0.03865883125054456
404,C4clean_dominant_asym_70_30_alpha_relpower,-0.023744561333582274,0.030220350788195113,0.9690575557820036,1.0825270874883939,0.053964912121777384,0.05289358028660085,0.05289358028660085,0.5113636363636364,0.5113636363636364,0.022727272727272707,301.0,0.8989115061361105,0.9992734965378139,0.0,0.6367815007724632,0.987631293073044,0.3632184992275368,0.11162929950575894,0.022727272727272707,0.0,0.0007265034621860567,0.047097450627779675,0.038100215039785314
78,C3_clean_075Cz_high_alpha_relpower,-0.025979217130688206,0.03306445816633026,0.9625618846523052,1.0897982612543626,0.05904367529701847,0.05787561339682525,0.05787561339682525,0.5064935064935064,0.5064935064935064,0.01298701298701288,304.0,0.9454638214829427,0.9992734965378139,0.0,0.6672513115223372,0.9586048651929822,0.3327486884776628,0.12214607194853991,0.01298701298701288,0.0,0.0007265034621860567,0.047369230073662075,0.03788707580592576
419,csp_1,-0.01617304819043645,0.020583879515101412,1.0301350305068042,1.007862989251136,0.03675692770553786,0.03602028310493728,0.03602028310493728,0.5162337662337662,0.5162337662337662,0.03246753246753231,298.0,0.8527045459066888,0.9992734965378139,0.0,0.07185016902405826,0.39056614141313817,0.9281498309759417,0.0760107833512205,0.03246753246753231,0.0,0.0007265034621860567,0.038040060882782084,0.03722010544154807
316,C4_laplacian_strong_alpha_relpower,-0.022193302020682596,0.028246020753596057,1.0501552873439388,0.9805817256206117,0.05043932277427865,0.04943573888832129,0.04943573888832129,0.5032467532467533,0.5032467532467533,0.006493506493506551,306.0,0.9766124733685598,0.9992734965378139,0.005942981823914506,0.6364638608169844,0.9864729367231146,0.36353613918301564,0.10433000415296356,0.006493506493506551,0.032003534419110316,0.0007265034621860567,0.0452615859563052,0.03661937683297026
48,ch6_logvar,0.024383889111877,-0.031034040687844263,1.050529370337868,0.9799086596211726,-0.055417929799721266,-0.05431881648932792,0.05431881648932792,0.4967532467532468,0.5032467532467533,0.006493506493506551,310.0,0.9766124733685598,0.9992734965378139,0.0,0.5274903372068857,0.9747612407950542,0.47250966279311435,0.11463788746366167,0.006493506493506551,0.0,0.0007265034621860567,0.04246863823122748,0.03574809934083525
225,C3_smooth_421_hjorth_mobility,0.01590338034908534,-0.02024066589883414,1.0084145246383462,1.0357332163632607,-0.036144046247919476,-0.03541948935598821,0.03541948935598821,0.47564935064935066,0.5243506493506493,0.04870129870129869,323.0,0.7768785634196818,0.9992734965378139,0.0,0.6509298413762027,0.9998396059701113,0.3490701586237973,0.07474254385883823,0.04870129870129869,0.0,0.0007265034621860567,0.043277995242266526,0.03482671366882794
421,csp_3,5.075305255429287e-16,-8.074349270001138e-16,8.413607318428967e-15,7.976712964829618e-15,-1.3149654525430424e-15,-0.0013042376777337432,0.0013042376777337432,0.4496753246753247,0.5503246753246753,0.10064935064935066,339.0,0.5459384507128513,0.9992734965378139,0.0,0.21754010520233724,0.6469326720734793,0.7824598947976628,0.002727298116675037,0.10064935064935066,0.0,0.0007265034621860567,0.03625447741432759,0.03388843656509702
422,csp_4,-1.6494742080145183e-15,-3.3912266934004783e-15,6.732621929533303e-15,4.712859504381703e-15,-1.74175248538596e-15,-0.0017314775928054431,0.0017314775928054431,0.450487012987013,0.549512987012987,0.09902597402597402,338.5,0.5460395512408978,0.9992734965378139,0.0,0.23726626557591374,0.4606497065528482,0.7627337344240863,0.003629175897467175,0.09902597402597402,0.0,0.0007265034621860567,0.03600195281942302,0.0334393381497516
249,C3_smooth_611_hjorth_mobility,0.018173000937446813,-0.02312927392038847,1.0069627521154876,1.0374347027569446,-0.04130227485783528,-0.040476307010192995,0.040476307010192995,0.48376623376623373,0.5162337662337663,0.032467532467532534,318.0,0.8527045459066888,0.9992734965378139,0.0,0.652060409534544,0.99925824382642,0.347939590465456,0.08541718197891965,0.032467532467532534,0.0,0.0007265034621860567,0.04133230040247687,0.0332469533842437
107,C4_clean_075Cz_mu_relpower,-0.01843609217731044,0.023464117316577736,1.0430464288884862,0.9905225326745231,0.041900209493888174,0.041062535862974,0.041062535862974,0.5146103896103895,0.5146103896103895,0.029220779220779036,299.0,0.8680588480680906,0.9992734965378139,0.0,0.6191123866814482,0.9856273426337878,0.3808876133185518,0.08665467585093703,0.029220779220779036,0.0,0.0007265034621860567,0.04062905962131923,0.03308287340008588
407,C4clean_dominant_asym_70_30_beta_relpower,0.006319349568897419,-0.008042808542234098,1.014200569173633,1.0287575326863727,-0.014362158111131517,-0.014072341211122474,0.014072341211122474,0.4951298701298701,0.5048701298701299,0.009740259740259827,311.0,0.9610307114875252,0.9992734965378139,0.025761163642096463,0.6960262595907425,0.9912553789049304,0.3039737404092575,0.029679997228798907,0.009740259740259827,0.13872636863511761,0.0007265034621860567,0.04161501401241269,0.032925471248649904
43,ch5_mu_relpower,-0.02170762299465515,0.027627883811378748,0.97592986642213,1.0746905956286692,0.049335506806033894,0.04835322890359072,0.04835322890359072,0.5064935064935064,0.5064935064935064,0.01298701298701288,304.0,0.9454638214829427,0.9992734965378139,0.0,0.6209709092964018,0.9821391469893265,0.37902909070359825,0.10204489064115534,0.01298701298701288,0.0,0.0007265034621860567,0.040333816616077475,0.03281997858223349
201,C3_Cz_mean_hjorth_mobility,0.015681887846842952,-0.019958766350526683,1.010323106063022,1.0333492799034376,-0.035640654197369635,-0.034926032950087976,0.034926032950087976,0.4788961038961039,0.5211038961038961,0.04220779220779214,321.0,0.8069977320408938,0.9992734965378139,0.0,0.6492101705502529,0.9993425097607029,0.3507898294497471,0.07370088704595294,0.04220779220779214,0.0,0.0007265034621860567,0.04064068808502938,0.032725383672140916
333,C3clean_minus_C4clean_over_abs_sum_low_alpha_relpower,-0.011862494904439027,0.015097720787468677,1.0584152620898997,0.9696461740177887,0.026960215691907704,0.026417874502350395,0.026417874502350395,0.5275974025974026,0.5275974025974026,0.05519480519480524,291.0,0.7470911465242466,0.9992734965378139,0.0,0.5524920584892242,0.9469628378323272,0.4475079415107758,0.05574067595896752,0.05519480519480524,0.0,0.0007265034621860567,0.03890006875003907,0.03245247503231464
335,C3clean_minus_C4clean_over_abs_sum_beta_relpower,0.011085660487094529,-0.014109022438120667,0.9030257455860147,1.154182480913707,-0.025194682925215196,-0.02468757769992967,0.02468757769992967,0.47564935064935066,0.5243506493506493,0.04870129870129869,323.0,0.7768785634196818,0.9992734965378139,0.0,0.2903631566238631,0.8742797155180867,0.7096368433761369,0.0520881234112566,0.04870129870129869,0.0,0.0007265034621860567,0.03534894808561295,0.03226973844077146
388,C4_dominant_asym_70_30_alpha_relpower,-0.017346434857225757,0.022077280727378277,0.9395194424517178,1.115860521244066,0.03942371558460403,0.038634593279840555,0.038634593279840555,0.5146103896103896,0.5146103896103896,0.02922077922077926,299.0,0.8680588480680906,0.9992734965378139,0.0,0.6170814384568329,0.9882154020048977,0.38291856154316706,0.08152943499323383,0.02922077922077926,0.0,0.0007265034621860567,0.03883522532112318,0.031645876309937
106,C4_clean_075Cz_hjorth_complexity,0.0200973079522292,-0.025578391939202215,0.9424715756572247,1.1125148483573006,-0.045675699891431415,-0.04476437054536549,0.04476437054536549,0.49350649350649345,0.5064935064935066,0.012987012987013102,312.0,0.9454638214829427,0.9992734965378139,0.0,0.5585206129230011,0.9207575675104634,0.44147938707699885,0.09446902636089421,0.012987012987013102,0.0,0.0007265034621860567,0.037682264117986156,0.03136836774253494
74,C3_clean_075Cz_hjorth_complexity,0.014010049794396668,-0.017830972465593262,1.0056303705807974,1.0392903581419433,-0.03184102225998993,-0.03120160049340895,0.03120160049340895,0.4821428571428571,0.5178571428571429,0.03571428571428581,319.0,0.8374058575385208,0.9992734965378139,0.0,0.47843399460516783,0.9229307643111732,0.5215660053948321,0.06583883399274937,0.03571428571428581,0.0,0.0007265034621860567,0.035616242243680915,0.030504235928840037
393,C3clean_dominant_asym_70_30_hjorth_mobility,0.018969270576580575,-0.024142708006558166,1.022885830423642,1.017165181270478,-0.04311197858313874,-0.042250615588020436,0.042250615588020436,0.49188311688311687,0.5081168831168832,0.016233766233766378,313.0,0.9299177282619497,0.9992734965378139,0.0,0.6335726653535049,0.991136285080798,0.36642733464649513,0.08916264073911746,0.016233766233766378,0.0,0.0007265034621860567,0.03696139278672794,0.029936074343808433
149,C4_minus_C3_low_alpha_relpower,-0.008380733354889322,0.010666387906223236,0.9759789084540506,1.0751985417804202,0.01904712126111256,0.018663125450563568,0.018663125450563568,0.5243506493506493,0.5243506493506493,0.04870129870129869,293.0,0.7768785634196818,0.9992734965378139,0.002982664363597287,0.42284567785923577,0.9999999999999998,0.5771543221407642,0.03937086682198245,0.04870129870129869,0.01606193733201846,0.0007265034621860567,0.034110295745770694,0.029783278407790867
141,C3_minus_C4_low_alpha_relpower,-0.008380733354889322,0.010666387906223236,0.9759789084540506,1.0751985417804202,0.01904712126111256,0.018663125450563568,0.018663125450563568,0.5243506493506493,0.5243506493506493,0.04870129870129869,293.0,0.7768785634196818,0.9992734965378139,0.002982664363597287,0.42284567785923577,0.9999999999999998,0.5771543221407642,0.03937086682198245,0.04870129870129869,0.01606193733201846,0.0007265034621860567,0.034110295745770694,0.029783278407790867
165,C3clean050_minus_C4clean050_low_alpha_relpower,-0.008380733354889357,0.010666387906223197,0.9759789084540506,1.0751985417804204,0.019047121261112555,0.018663125450563565,0.018663125450563565,0.5243506493506493,0.5243506493506493,0.04870129870129869,293.0,0.7768785634196818,0.9992734965378139,0.002982664363597287,0.4228456778592359,0.9999999999999998,0.5771543221407641,0.039370866821982445,0.04870129870129869,0.01606193733201846,0.0007265034621860567,0.03411029574577069,0.02978327840779086
189,C3clean_minus_C4clean_low_alpha_relpower,-0.008380733354889357,0.010666387906223197,0.9759789084540506,1.0751985417804204,0.019047121261112555,0.018663125450563565,0.018663125450563565,0.5243506493506493,0.5243506493506493,0.04870129870129869,293.0,0.7768785634196818,0.9992734965378139,0.002982664363597287,0.4228456778592359,0.9999999999999998,0.5771543221407641,0.039370866821982445,0.04870129870129869,0.01606193733201846,0.0007265034621860567,0.03411029574577069,0.02978327840779086
157,C3clean025_minus_C4clean025_low_alpha_relpower,-0.008380733354889777,0.010666387906222713,0.9759789084540507,1.0751985417804204,0.01904712126111249,0.018663125450563495,0.018663125450563495,0.5243506493506493,0.5243506493506493,0.04870129870129869,293.0,0.7768785634196818,0.9992734965378139,0.002982664363597287,0.4228456778592359,0.9999999999999998,0.5771543221407641,0.0393708668219823,0.04870129870129869,0.01606193733201846,0.0007265034621860567,0.03411029574577064,0.02978327840779082
373,C3_minus_Cz_minus_C4_minus_Cz_low_alpha_relpower,-0.008380733354889178,0.010666387906223217,0.9759789084540504,1.0751985417804204,0.019047121261112396,0.01866312545056341,0.01866312545056341,0.5243506493506493,0.5243506493506493,0.04870129870129869,293.0,0.7768785634196818,0.9992734965378139,0.002982664363597287,0.42284567785923577,0.9999999999999998,0.5771543221407642,0.03937086682198211,0.04870129870129869,0.01606193733201846,0.0007265034621860567,0.034110295745770576,0.029783278407790763
181,C3clean100_minus_C4clean100_low_alpha_relpower,-0.008380733354889178,0.010666387906223217,0.9759789084540504,1.0751985417804204,0.019047121261112396,0.01866312545056341,0.01866312545056341,0.5243506493506493,0.5243506493506493,0.04870129870129869,293.0,0.7768785634196818,0.9992734965378139,0.002982664363597287,0.42284567785923577,0.9999999999999998,0.5771543221407642,0.03937086682198211,0.04870129870129869,0.01606193733201846,0.0007265034621860567,0.034110295745770576,0.029783278407790763
173,C3clean075_minus_C4clean075_low_alpha_relpower,-0.008380733354889203,0.010666387906223157,0.9759789084540506,1.0751985417804204,0.01904712126111236,0.018663125450563374,0.018663125450563374,0.5243506493506493,0.5243506493506493,0.04870129870129869,293.0,0.7768785634196818,0.9992734965378139,0.002982664363597287,0.42284567785923577,0.9999999999999998,0.5771543221407642,0.03937086682198204,0.04870129870129869,0.01606193733201846,0.0007265034621860567,0.03411029574577055,0.02978327840779074
265,C3_smooth_532_hjorth_mobility,0.013853910527303741,-0.01763224976202241,1.0086793003292946,1.0354909138233404,-0.03148616028932615,-0.030853779310353442,0.030853779310353442,0.4805194805194805,0.5194805194805194,0.03896103896103886,320.0,0.8221684027203731,0.9992734965378139,0.0,0.6499207854045569,0.9998396059701113,0.3500792145954431,0.06510460438165615,0.03896103896103886,0.0,0.0007265034621860567,0.03649562551616185,0.0293798458363735
299,Cz_laplacian_simple_mu_relpower,-0.018725288451771894,0.023832185302256007,1.0926050646702476,0.9192509744487861,0.0425574737540279,0.0417069453796314,0.0417069453796314,0.5032467532467533,0.5032467532467533,0.006493506493506551,306.0,0.9766124733685598,0.9992734965378139,0.0023080611889940705,0.6539389575648941,0.9960584566424309,0.34606104243510594,0.08801498560735754,0.006493506493506551,0.012429133706273143,0.0007265034621860567,0.03563644932277566,0.02864523056634063
132,C4_clean_alpha_relpower,0.01671872723310019,-0.021278380114854743,0.9810142221453446,1.0689940135017932,-0.03799710734795493,-0.03723603378254215,0.03723603378254215,0.49025974025974023,0.5097402597402598,0.019480519480519654,314.0,0.9143983329428436,0.9992734965378139,0.0,0.6217024105646399,0.9999999999999998,0.37829758943536007,0.07857715995704584,0.019480519480519654,0.0,0.0007265034621860567,0.03439283814936652,0.027978205034280317
100,C4_clean_050Cz_alpha_relpower,0.01671872723310019,-0.021278380114854743,0.9810142221453446,1.0689940135017932,-0.03799710734795493,-0.03723603378254215,0.03723603378254215,0.49025974025974023,0.5097402597402598,0.019480519480519654,314.0,0.9143983329428436,0.9992734965378139,0.0,0.6217024105646399,0.9999999999999998,0.37829758943536007,0.07857715995704584,0.019480519480519654,0.0,0.0007265034621860567,0.03439283814936652,0.027978205034280317
41,ch5_hjorth_mobility,0.011510721949304295,-0.014650009753659175,0.9928007391250362,1.05512195379906,-0.02616073170296347,-0.02563433906650011,0.02563433906650011,0.48051948051948057,0.5194805194805194,0.03896103896103886,320.0,0.8221684027203731,0.9992734965378139,0.0,0.6377998373181654,0.9866302810235359,0.36220016268183464,0.05408667974951208,0.03896103896103886,0.0,0.0007265034621860567,0.032639351894911434,0.02639413989628797
300,Cz_laplacian_simple_alpha_relpower,-0.01675411431773786,0.02132341822257529,1.0813776259032826,0.9362779111729682,0.03807753254031315,0.037314876213382954,0.037314876213382954,0.5064935064935066,0.5064935064935066,0.012987012987013102,304.0,0.9454638214829427,0.9992734965378139,0.0,0.6638635120981599,0.9960584566424309,0.33613648790184014,0.078743591589603,0.012987012987013102,0.0,0.0007265034621860567,0.03217836194803424,0.0257697498351179
44,ch5_alpha_relpower,0.013138663797906467,-0.01672193574279017,0.976207236697311,1.0747876743348819,-0.029860599540696635,-0.029260507415534823,0.029260507415534823,0.487012987012987,0.512987012987013,0.025974025974025983,316.0,0.8834630812835508,0.9992734965378139,0.0,0.6334477867519015,0.9821391469893265,0.3665522132480985,0.061741303177796594,0.025974025974025983,0.0,0.0007265034621860567,0.030773015549356506,0.024925085971929984
385,C4_dominant_asym_70_30_hjorth_mobility,-0.010924214887916197,0.013903546220988126,0.9884619576065926,1.0603652921676958,0.024827761108904323,0.02432798607120288,0.02432798607120288,0.5162337662337662,0.5162337662337662,0.03246753246753231,298.0,0.8527045459066888,0.9992734965378139,0.0,0.6436016552205833,0.9830191843278483,0.3563983447794167,0.051329047096832364,0.03246753246753231,0.0,0.0007265034621860567,0.029401453193746242,0.023724606011330567
423,csp_5,-2.91830052187184e-15,0.0,2.8174801853471856e-14,2.948049064590839e-14,2.91830052187184e-15,0.0028367349258950738,0.0028367349258950738,0.5324675324675325,0.5324675324675325,0.06493506493506507,288.0,0.7027751193215648,0.9992734965378139,0.0,0.16207803037371685,0.6469326720734793,0.8379219696262832,0.005962307694396372,0.06493506493506507,0.0,0.0007265034621860567,0.02488673076653011,0.023676653075006052
30,ch3_high_alpha_relpower,0.01439202200418863,-0.018317118914422226,0.9961152132308785,1.0509902358811214,-0.03270914091861085,-0.03205250719563788,0.03205250719563788,0.5048701298701299,0.5048701298701299,0.009740259740259827,305.0,0.9610307114875252,0.9992734965378139,0.0,0.4667314721908644,0.9596506680268976,0.5332685278091356,0.06763504689607466,0.009740259740259827,0.0,0.0007265034621860567,0.027154007668935675,0.023351918676374366
68,C3_clean_050Cz_alpha_relpower,-0.01635765541298546,0.020818834161981017,0.9680610284687766,1.0840869419877028,0.03717648957496648,0.03643157582048251,0.03643157582048251,0.49837662337662336,0.5016233766233766,0.0032467532467532756,309.0,0.992203165194386,0.9992734965378139,0.0,0.6489496377749656,0.9999999999999998,0.3510503622250344,0.07687899755234366,0.0032467532467532756,0.0,0.0007265034621860567,0.028116663125902535,0.02264277362060398
124,C3_clean_alpha_relpower,-0.01635765541298546,0.020818834161981017,0.9680610284687766,1.0840869419877028,0.03717648957496648,0.03643157582048251,0.03643157582048251,0.49837662337662336,0.5016233766233766,0.0032467532467532756,309.0,0.992203165194386,0.9992734965378139,0.0,0.6489496377749656,0.9999999999999998,0.3510503622250344,0.07687899755234366,0.0032467532467532756,0.0,0.0007265034621860567,0.028116663125902535,0.02264277362060398
204,C3_Cz_mean_alpha_relpower,-0.008741406650616726,0.011125426646239812,0.958916198823812,1.0947513295411635,0.01986683329685654,0.019466388347306334,0.019466388347306334,0.5162337662337663,0.5162337662337663,0.032467532467532534,298.0,0.8527045459066888,0.9992734965378139,0.0,0.5906814499671037,0.9989108316620862,0.4093185500328963,0.041066506515631984,0.032467532467532534,0.0,0.0007265034621860567,0.025809563990326186,0.0212359947860788
89,C4_clean_025Cz_hjorth_mobility,-0.015730441860830478,0.020020562368328106,1.0031411105468546,1.0423043842580457,0.035751004229158584,0.03503420439694051,0.03503420439694051,0.5,0.5,0.0,308.0,1.0,1.0,0.0,0.6306082498048914,0.997047381925374,0.3693917501951086,0.0739292304684444,0.0,0.0,0.0,0.025875230663955542,0.020980090487267084
236,Cz_smooth_211_alpha_relpower,-0.008934919363281228,0.01137171555326666,0.9581196245250074,1.0956429495229656,0.020306634916547887,0.019897368440725774,0.019897368440725774,0.5113636363636364,0.5113636363636364,0.022727272727272707,301.0,0.8989115061361105,0.9992734965378139,0.0,0.590152360344329,0.9993219762140624,0.40984763965567095,0.04197627958810692,0.022727272727272707,0.0,0.0007265034621860567,0.022718893656601475,0.018696611041844925
52,ch6_alpha_relpower,-0.010853844071248902,0.013813983363407807,0.9420275082148551,1.1133877079099481,0.02466782743465671,0.024171248234972728,0.024171248234972728,0.5048701298701298,0.5048701298701298,0.009740259740259605,305.0,0.9610307114875252,0.9992734965378139,0.0,0.5988389993038663,0.9798579372057314,0.4011610006961337,0.05099818294552364,0.009740259740259605,0.0,0.0007265034621860567,0.02133110528624274,0.017498935963145036
217,C3_Cz_C4_mean_hjorth_mobility,0.008290661862981068,-0.010551751461976278,1.0096545579116327,1.034448625606702,-0.018842413324957348,-0.01846252684533704,0.01846252684533704,0.48863636363636365,0.5113636363636364,0.022727272727272707,315.0,0.8989115061361105,0.9992734965378139,0.0,0.6468754328048791,0.9995649536111492,0.35312456719512086,0.03894741522364258,0.022727272727272707,0.0,0.0007265034621860567,0.021658791129038957,0.01745562916335069
233,Cz_smooth_211_hjorth_mobility,0.007419065211752808,-0.009442446633140988,1.0104703261233152,1.033444073965164,-0.016861511844893796,-0.016521418831662207,0.016521418831662207,0.48863636363636365,0.5113636363636364,0.022727272727272707,315.0,0.8989115061361105,0.9992734965378139,0.0,0.644801835032755,0.9995649536111492,0.355198164967245,0.034849852880112255,0.022727272727272707,0.0,0.0007265034621860567,0.02022464430880334,0.01631237797984299
111,C4_clean_075Cz_beta_relpower,0.0016177333435428234,-0.00205893334632888,0.994359885624292,1.0534193924005693,-0.0036766666898717035,-0.0036023889372185634,0.0036023889372185634,0.47564935064935066,0.5243506493506493,0.04870129870129869,323.0,0.7768785634196818,0.9992734965378139,0.0,0.6287671876238475,0.9501104296498047,0.37123281237615247,0.007578557291466773,0.04870129870129869,0.0,0.0007265034621860567,0.019770599943686518,0.016041268586418127
228,C3_smooth_421_alpha_relpower,-0.004642560429561807,0.005908713273987524,0.9588450175681704,1.094907404081559,0.01055127370354933,0.010338236481988184,0.010338236481988184,0.5162337662337663,0.5162337662337663,0.032467532467532534,298.0,0.8527045459066888,0.9992734965378139,0.0,0.5942680598870627,0.9998954090114155,0.40573194011293734,0.021797526589809362,0.032467532467532534,0.0,0.0007265034621860567,0.01906542101628827,0.01566642978880437
35,ch4_mu_relpower,0.0006856244335131636,-0.0008726129153810588,0.9633771428002232,1.0898097489159095,-0.0015582373488942224,-0.0015267550178909037,0.0015267550178909037,0.5097402597402597,0.5097402597402597,0.01948051948051943,302.0,0.9143983329428436,0.9992734965378139,0.008999980380913097,0.6054052390712328,0.9805664698865137,0.3945947609287672,0.0031970188469935754,0.01948051948051943,0.04846576860336927,0.0007265034621860567,0.017702942481522013,0.014487706243934978
268,C3_smooth_532_alpha_relpower,-0.004417624816080694,0.005622431584102431,0.9589944440396212,1.0947419532967158,0.010040056400183125,0.00983732823719689,0.00983732823719689,0.5146103896103895,0.5146103896103895,0.029220779220779036,299.0,0.8680588480680906,0.9992734965378139,0.0,0.5935440454411712,0.9998954090114155,0.40645595455882877,0.020740139392929496,0.029220779220779036,0.0,0.0007265034621860567,0.01755897186101659,0.014432364903363946
193,C3_C4_mean_hjorth_mobility,0.0065167668924804535,-0.008294066954067113,1.0076374165073556,1.0370126984119843,-0.014810833846547567,-0.01451198643102716,0.01451198643102716,0.49025974025974023,0.5097402597402598,0.019480519480519654,314.0,0.9143983329428436,0.9992734965378139,0.0,0.6471281506192218,0.9982991017157153,0.3528718493807782,0.0306080618624532,0.019480519480519654,0.0,0.0007265034621860567,0.017603653816259106,0.014186107834782077
220,C3_Cz_C4_mean_alpha_relpower,-0.004400592902860956,0.005600754603641653,0.9583377573703042,1.0954812754808105,0.010001347506502608,0.009799400014356682,0.009799400014356682,0.512987012987013,0.512987012987013,0.025974025974025983,300.0,0.8834630812835508,0.9992734965378139,0.0,0.5927508668530235,0.9993857296968329,0.4072491331469765,0.02066007519424905,0.025974025974025983,0.0,0.0007265034621860567,0.016394585755114866,0.013479214279702695
406,C4clean_dominant_asym_70_30_high_alpha_relpower,0.00647019644531772,-0.008234795475859187,0.9622800365040746,1.0909977632798329,-0.014704991921176906,-0.014408274598349969,0.014408274598349969,0.4918831168831168,0.5081168831168832,0.016233766233766378,313.0,0.9299177282619497,0.9992734965378139,0.0,0.597798837919637,0.9650911875164631,0.40220116208036305,0.030389132417433785,0.016233766233766378,0.0,0.0007265034621860567,0.016390664874138663,0.01345116874979157
115,C4_clean_100Cz_mu_relpower,0.0029386800790572954,-0.003740138282436588,1.1092894087727303,0.8937702285767347,-0.006678818361493883,-0.006543914790561213,0.006543914790561213,0.48538961038961037,0.5146103896103896,0.02922077922077926,317.0,0.8680588480680906,0.9992734965378139,0.0,0.6303775481761905,0.9999999999999998,0.3696224518238095,0.013787941562854799,0.02922077922077926,0.0,0.0007265034621860567,0.015125702620490525,0.012265231620786424
363,Cz_minus_C4_mu_relpower,0.0029386800790572954,-0.003740138282436588,1.1092894087727303,0.8937702285767347,-0.006678818361493883,-0.006543914790561213,0.006543914790561213,0.48538961038961037,0.5146103896103896,0.02922077922077926,317.0,0.8680588480680906,0.9992734965378139,0.0,0.6303775481761905,0.9999999999999998,0.3696224518238095,0.013787941562854799,0.02922077922077926,0.0,0.0007265034621860567,0.015125702620490525,0.012265231620786424
347,C4_minus_Cz_mu_relpower,0.0029386800790572954,-0.003740138282436588,1.1092894087727303,0.8937702285767347,-0.006678818361493883,-0.006543914790561213,0.006543914790561213,0.48538961038961037,0.5146103896103896,0.02922077922077926,317.0,0.8680588480680906,0.9992734965378139,0.0,0.6303775481761905,0.9999999999999998,0.3696224518238095,0.013787941562854799,0.02922077922077926,0.0,0.0007265034621860567,0.015125702620490525,0.012265231620786424
60,C3_clean_025Cz_alpha_relpower,-0.0063243449473016035,0.008049166296566186,0.9576407730025452,1.0962361311851931,0.014373511243867789,0.014083465812773789,0.014083465812773789,0.4935064935064935,0.5064935064935066,0.012987012987013102,312.0,0.9454638214829427,0.9992734965378139,0.0,0.6205037809299819,0.9974966587923356,0.37949621907001807,0.029703480594223227,0.012987012987013102,0.0,0.0007265034621860567,0.01501432309965132,0.012219389824219915
108,C4_clean_075Cz_alpha_relpower,0.008465667563656217,-0.010774485990107824,1.0509837713141574,0.9800906997604923,-0.01924015355376404,-0.01885228332009635,0.01885228332009635,0.5016233766233766,0.5016233766233766,0.0032467532467532756,307.0,0.992203165194386,0.9992734965378139,0.0,0.6447568017744215,0.9856273426337878,0.3552431982255785,0.039770167714936154,0.0032467532467532756,0.0,0.0007265034621860567,0.015128572682809906,0.012202297641295786
17,C4_hjorth_mobility,-0.006671338043034103,0.008490793872952686,1.0080309286453124,1.0365178935891823,0.015162131915986789,0.014856215413553753,0.014856215413553753,0.5032467532467533,0.5032467532467533,0.006493506493506551,306.0,0.9766124733685598,0.9992734965378139,0.0,0.6382977860143493,0.9979987469485898,0.3617022139856507,0.031334708554144726,0.006493506493506551,0.0,0.0007265034621860567,0.013312525612896552,0.010763318925405194
302,Cz_laplacian_simple_high_alpha_relpower,0.0007699486445653004,-0.0009799346385376171,1.0637664842993428,0.9623083774824471,-0.0017498832831029177,-0.0017145291080153272,0.0017145291080153272,0.49512987012987014,0.5048701298701299,0.009740259740259827,311.0,0.9610307114875252,0.9992734965378139,0.008005030885963604,0.6554464551691372,0.9785720845762651,0.34455354483086276,0.0035933986647904625,0.009740259740259827,0.0431078689243292,0.0007265034621860567,0.013361004572852046,0.010733777647419694
196,C3_C4_mean_alpha_relpower,0.004239806817028022,-0.005396117767127037,0.9606342848714282,1.0928940149210085,-0.009635924584155058,-0.009441347374974816,0.009441347374974816,0.49188311688311687,0.5081168831168832,0.016233766233766378,313.0,0.9299177282619497,0.9992734965378139,0.0,0.6005498974143373,0.9974835613171369,0.3994501025856627,0.01990424759382859,0.016233766233766378,0.0,0.0007265034621860567,0.012720955185876844,0.010429084686309627
244,C4_smooth_421_alpha_relpower,-0.002966159129886334,0.003775111619854857,0.955860767824812,1.0982747361920242,0.006741270749741191,0.006605106402632789,0.006605106402632789,0.5097402597402597,0.5097402597402597,0.01948051948051943,302.0,0.9143983329428436,0.9992734965378139,0.0,0.5950853025888302,0.9998568573366441,0.4049146974111698,0.013917113377920216,0.01948051948051943,0.0,0.0007265034621860567,0.011761821846672483,0.00966203565288558
65,C3_clean_050Cz_hjorth_mobility,0.005409551343128831,-0.006884883527618724,0.9940515434439621,1.0537551689038578,-0.012294434870747556,-0.012046261172025912,0.012046261172025912,0.4967532467532467,0.5032467532467533,0.006493506493506551,310.0,0.9766124733685598,0.9992734965378139,0.0,0.6287838353698159,1.0,0.37121616463018414,0.025403064046979975,0.006493506493506551,0.0,0.0007265034621860567,0.01123645003538889,0.00911686059063095
121,C3_clean_hjorth_mobility,0.005409551343128831,-0.006884883527618724,0.9940515434439621,1.0537551689038578,-0.012294434870747556,-0.012046261172025912,0.012046261172025912,0.4967532467532467,0.5032467532467533,0.006493506493506551,310.0,0.9766124733685598,0.9992734965378139,0.0,0.6287838353698159,1.0,0.37121616463018414,0.025403064046979975,0.006493506493506551,0.0,0.0007265034621860567,0.01123645003538889,0.00911686059063095
9,Cz_hjorth_mobility,-0.0034302959976808068,0.004365831269774068,1.0140235116162548,1.0290233876359776,0.007796127267454875,0.007638670708955352,0.007638670708955352,0.49350649350649345,0.5064935064935066,0.012987012987013102,312.0,0.9454638214829427,0.9992734965378139,0.0,0.6307365495615337,0.9957056769991244,0.3692634504384663,0.01609890550456579,0.012987012987013102,0.0,0.0007265034621860567,0.010252721818271218,0.008312691903290025
4,C3_alpha_relpower,-0.004646902007902663,0.005914238919148541,0.9564393252331628,1.0976092833875237,0.010561140927051203,0.01034790474528392,0.01034790474528392,0.49837662337662336,0.5016233766233766,0.0032467532467532756,309.0,0.992203165194386,0.9992734965378139,0.0,0.6060795495186431,0.999018830969082,0.39392045048135693,0.02181793571250055,0.0032467532467532756,0.0,0.0007265034621860567,0.008845291481957444,0.007237006398933686
252,C3_smooth_611_alpha_relpower,-0.003008436990111617,0.0038289198055971156,0.9585762644579243,1.095227216427721,0.006837356795708733,0.006699252720199846,0.006699252720199846,0.5048701298701299,0.5048701298701299,0.009740259740259827,305.0,0.9610307114875252,0.9992734965378139,0.0,0.5993191780128188,0.9993014285734062,0.40068082198718125,0.014115850595492408,0.009740259740259827,0.0,0.0007265034621860567,0.008422288963731888,0.006907997174112818
20,C4_alpha_relpower,0.0036724917474779952,-0.0046740804058817064,0.9547541412403776,1.0995051706951227,-0.008346572153359702,-0.008178007340996227,0.008178007340996227,0.4967532467532468,0.5032467532467533,0.006493506493506551,310.0,0.9766124733685598,0.9992734965378139,0.0,0.602733437637719,0.9984106623306095,0.397266562362281,0.01723741271713112,0.006493506493506551,0.0,0.0007265034621860567,0.00837847206994179,0.006863476488081501
318,C4_laplacian_strong_high_alpha_relpower,0.0017393281195033678,-0.0022136903339130946,1.0429813262032508,0.9911257721224802,-0.003953018453416462,-0.003873158718350933,0.003873158718350933,0.49350649350649345,0.5064935064935066,0.012987012987013102,312.0,0.9454638214829427,0.9992734965378139,0.0,0.6266005850958076,0.9836601683534838,0.3733994149041924,0.008150136024395441,0.012987012987013102,0.0,0.0007265034621860567,0.007470652500211595,0.006066317931907581
257,C4_smooth_611_hjorth_mobility,-0.0029653259214117195,0.0037740511727040386,1.0103829742577761,1.0336216738873103,0.006739377094115758,0.0066032509754648415,0.0066032509754648415,0.5016233766233766,0.5016233766233766,0.0032467532467532756,307.0,0.992203165194386,0.9992734965378139,0.0,0.6411662067047124,0.9990698505266852,0.35883379329528764,0.013913196682692034,0.0032467532467532756,0.0,0.0007265034621860567,0.0060786328215244635,0.004909408637086182
273,C4_smooth_532_hjorth_mobility,0.002779928731190952,-0.0035380911124221533,1.0103153964618472,1.0337081611062493,-0.006318019843613106,-0.006190400363999383,0.006190400363999383,0.4983766233766233,0.5016233766233766,0.0032467532467532756,309.0,0.992203165194386,0.9992734965378139,0.0,0.6440132810392465,0.9998295534382978,0.3559867189607535,0.013041693856921043,0.0032467532467532756,0.0,0.0007265034621860567,0.005773606832504616,0.004658122988615043
260,C4_smooth_611_alpha_relpower,0.0017442128643968741,-0.0022199072819589468,0.9559644824165178,1.0981666090553637,-0.003964120146355821,-0.0038840361745432097,0.0038840361745432097,0.5032467532467532,0.5032467532467532,0.006493506493506329,306.0,0.9766124733685598,0.9992734965378139,0.0,0.5987478572221648,0.9988764517676443,0.40125214277783516,0.008173097680610798,0.006493506493506329,0.0,0.0007265034621860567,0.005205961807159599,0.004270844264114428
241,C4_smooth_421_hjorth_mobility,0.0008351010763098203,-0.0010628559153043867,1.0104525934341957,1.0335460374889425,-0.001897956991614207,-0.0018596112985675747,0.0018596112985675747,0.4951298701298701,0.5048701298701299,0.009740259740259827,311.0,0.9610307114875252,0.9992734965378139,0.0,0.642947173575466,0.9998295534382978,0.35705282642453395,0.0038996584486539723,0.009740259740259827,0.0,0.0007265034621860567,0.0048466217123384345,0.00391178519293719
209,C4_Cz_mean_hjorth_mobility,0.0004956366559434322,-0.000630810289382328,1.010110527528047,1.0339765094997764,-0.00112644694532576,-0.001103688267880449,0.001103688267880449,0.5016233766233766,0.5016233766233766,0.0032467532467532756,307.0,0.992203165194386,0.9992734965378139,0.0,0.6412916577142715,0.9993263213907331,0.35870834228572845,0.002303950366811104,0.0032467532467532756,0.0,0.0007265034621860567,0.0020153966109661384,0.0016276595008866783
